Ticker,EPS Date,Name,Estimated  EPS ,Actual EPS
A,2017-05-22,A UN Equity,0.59,0.3702
AA,2017-07-19,AA UN Equity,0.62,0.7652
AAL,2017-07-28,AAL UW Equity,1.92,2.0135
AAP,2017-05-24,AAP UN Equity,1.58,1.5008
AAPL,2017-05-02,AAPL UW Equity,1.6656,1.6719
ABBV,2017-07-28,ABBV UN Equity,1.42,1.3028
ABC,2017-08-03,ABC UN Equity,1.43,1.3959
ABMD,2017-07-27,ABMD UW Equity,0.48,0.85
ABT,2017-07-20,ABT UN Equity,0.62,0.3915
ACGL,2017-07-26,ACGL UW Equity,0.4033,0.4879
ACHC,2017-07-27,ACHC UW Equity,0.66,0.4674
ACM,2017-08-08,ACM UN Equity,0.78,0.65
ACN,2017-06-22,ACN UN Equity,1.52,1.5751
ADBE,2017-06-20,ADBE UW Equity,0.801,0.7543
ADI,2017-05-31,ADI UW Equity,1.26,1.2706
ADM,2017-08-01,ADM UN Equity,0.57,0.5587
ADNT,2017-07-27,ADNT UN Equity,2.52,2.432
ADP,2017-07-27,ADP UW Equity,0.66,0.6578
ADS,2017-07-20,ADS UN Equity,2.4677,2.48
ADSK,2017-05-18,ADSK UW Equity,-0.5836,-0.5121
AEE,2017-08-04,AEE UN Equity,0.7955,0.79
AEP,2017-07-27,AEP UN Equity,0.75,0.7532
AES,2017-08-08,AES UN Equity,0.25,0.2872
AFG,2017-08-01,AFG UN Equity,1.61,1.6522
AFL,2017-07-27,AFL UN Equity,0.915,0.9333
AGCO,2017-07-27,AGCO UN Equity,1.15,1.1547
AGIO,2017-08-08,AGIO UW Equity,-1.78,-1.78
AGNC,2017-07-26,AGNC UW Equity,0.67,0.05
AGO,2017-08-02,AGO UN Equity,1.16,1.0899
AGR,2017-07-19,AGR UN Equity,0.46,0.4232
AHL,2017-07-26,AHL UN Equity,0.47,0.2561
AIG,2017-08-02,AIG UN Equity,1.53,1.5566
AIV,2017-07-27,AIV UN Equity,0.0915,0.0917
AIZ,2017-08-01,AIZ UN Equity,1.63,2.3646
AJG,2017-07-27,AJG UN Equity,1.0308,0.4842
AKAM,2017-07-25,AKAM UW Equity,0.3557,0.4862
AL,2017-08-03,AL UN Equity,0.92,0.9722
ALB,2017-08-07,ALB UN Equity,1.13,1.135
ALGN,2017-07-27,ALGN UW Equity,0.85,0.86
ALK,2017-07-26,ALK UN Equity,2.51,2.5005
ALKS,2017-07-27,ALKS UW Equity,-0.2833,-0.2845
ALL,2017-08-01,ALL UN Equity,1.38,1.7312
ALLE,2017-07-27,ALLE UN Equity,1.11,1.0884
ALLY,2017-07-27,ALLY UN Equity,0.58,0.5561
ALNY,2017-08-09,ALNY UW Equity,-1.34,-1.3403
ALSN,2017-07-31,ALSN UN Equity,0.6516,0.6464
ALXN,2017-07-27,ALXN UW Equity,0.9009,0.9915
AMAT,2017-05-18,AMAT UW Equity,0.86,0.8655
AMCX,2017-08-03,AMCX UW Equity,1.88,1.8075
AMD,2017-05-01,AMD UW Equity,-0.0094,-0.0413
AME,2017-08-02,AME UN Equity,0.6498,0.65
AMG,2017-07-31,AMG UN Equity,3.33,2.24
AMGN,2017-07-25,AMGN UW Equity,2.9212,2.9376
AMH,2017-08-03,AMH UN Equity,0.0151,0.0151
AMP,2017-07-25,AMP UN Equity,2.8,2.927
AMT,2017-07-27,AMT UN Equity,0.8002,0.8049
AMTD,2017-07-18,AMTD UW Equity,0.4358,0.375
AMZN,2017-07-27,AMZN UW Equity,0.4004,0.41
AN,2017-08-02,AN UN Equity,0.86,0.87
ANET,2017-08-03,ANET UN Equity,1.1573,1.2777
ANSS,2017-08-02,ANSS UW Equity,0.8212,0.8382
ANTM,2017-07-26,ANTM UN Equity,3.37,3.821
AON,2017-08-04,AON UN Equity,1.53,0.758
AOS,2017-07-26,AOS UN Equity,0.5283,0.53
APA,2017-08-03,APA UN Equity,-0.21,-0.2073
APC,2017-07-24,APC UN Equity,-0.77,-0.7676
APD,2017-08-01,APD UN Equity,1.65,1.6644
APH,2017-07-26,APH UN Equity,0.81,0.8345
APLE,2017-08-07,APLE UN Equity,0.39,0.3088
APTV,2017-08-02,APTV UN Equity,1.71,1.0994
AR,2017-08-02,AR UN Equity,-0.04,-0.0939
ARE,2017-07-31,ARE UN Equity,0.4312,0.3516
ARMK,2017-08-08,ARMK UN Equity,0.323,0.3381
ARNC,2017-07-24,ARNC UN Equity,0.32,0.3333
ARRS,2017-08-02,ARRS UW Equity,0.2352,0.2401
ARW,2017-05-04,ARW UN Equity,1.78,1.7247
ASB,2017-07-20,ASB UN Equity,0.36,0.36
ASH,2017-08-01,ASH UN Equity,0.83,0.4581
ATH,2017-08-09,ATH UN Equity,1.43,0.1247
ATHN,2017-07-20,ATHN UW Equity,0.2894,0.2795
ATO,2017-08-02,ATO UN Equity,0.6657,0.67
ATR,2017-07-27,ATR UN Equity,1.01,1.04
ATVI,2017-08-03,ATVI UW Equity,0.3325,0.3367
AVB,2017-08-02,AVB UN Equity,1.0517,1.0563
AVGO,2017-06-01,AVGO UW Equity,1.1789,1.3385
AVT,2017-04-27,AVT UW Equity,0.84,0.7392
AVY,2017-04-26,AVY UN Equity,1.31,1.3333
AWI,2017-07-31,AWI UN Equity,0.73,0.8861
AWK,2017-08-02,AWK UN Equity,0.7318,0.7247
AXP,2017-07-19,AXP UN Equity,1.47,1.48
AXS,2017-07-26,AXS UN Equity,1.31,1.3132
AXTA,2017-08-03,AXTA UN Equity,0.31,0.2968
AYI,2017-06-29,AYI UN Equity,2.15,1.9143
AZO,2017-05-23,AZO UN Equity,11.436,11.7
AZPN,2017-08-10,AZPN UW Equity,0.7373,0.7416
BA,2017-07-26,BA UN Equity,2.55,2.9333
BAC,2017-07-18,BAC UN Equity,0.4811,0.4966
BAH,2017-08-07,BAH UN Equity,0.53,0.4788
BAX,2017-07-26,BAX UN Equity,0.63,0.5901
BBT,2017-07-20,BBT UN Equity,0.78,0.7874
BBY,2017-05-25,BBY UN Equity,0.69,0.7037
BC,2017-04-27,BC UN Equity,1.3479,1.3902
BDN,2017-07-20,BDN UN Equity,0.02,0.019
BDX,2017-08-03,BDX UN Equity,2.46,2.2871
BEN,2017-07-28,BEN UN Equity,0.73,0.7263
BERY,2017-05-03,BERY UN Equity,0.93,0.8988
BF-A,2017-06-07,BF/A UN Equity,0.3685,0.368
BF-B,2017-06-07,BF/B UN Equity,0.3685,0.368
BFAM,2017-08-01,BFAM UN Equity,0.5681,0.5877
BG,2017-08-02,BG UN Equity,0.17,0.1637
BGCP,2017-07-26,BGCP UW Equity,0.24,0.2385
BIIB,2017-07-25,BIIB UW Equity,4.4985,4.6442
BIO,2017-08-03,BIO UN Equity,0.3888,0.4284
BK,2017-07-20,BK UN Equity,0.9301,0.8795
BKNG,2017-08-08,BKNG UW Equity,15.14,14.6724
BKU,2017-07-26,BKU UN Equity,0.6023,0.6
BLK,2017-07-17,BLK UN Equity,5.24,5.1138
BLL,2017-08-03,BLL UN Equity,0.53,0.3517
BLUE,2017-08-02,BLUE UW Equity,-1.73,-1.7431
BMRN,2017-08-02,BMRN UW Equity,-0.001,-0.178
BMS,2017-07-27,BMS UN Equity,0.48,0.516
BMY,2017-07-27,BMY UN Equity,0.74,1.0899
BOH,2017-07-24,BOH UN Equity,1.0476,1.0552
BOKF,2017-07-26,BOKF UW Equity,1.3604,1.35
BPOP,2017-07-26,BPOP UW Equity,0.94,0.94
BR,2017-08-10,BR UN Equity,1.71,1.6367
BRKR,2017-08-03,BRKR UW Equity,0.23,0.1777
BRO,2017-07-17,BRO UN Equity,0.245,0.2467
BRX,2017-07-31,BRX UN Equity,0.2388,0.2162
BSX,2017-07-27,BSX UN Equity,0.32,0.2633
BURL,2017-05-25,BURL UN Equity,0.72,0.6907
BWA,2017-07-27,BWA UN Equity,0.96,0.9566
BWXT,2017-08-07,BWXT UN Equity,0.56,0.5661
BXP,2017-08-01,BXP UN Equity,0.749,0.7497
C,2017-07-14,C UN Equity,1.28,1.27
CABO,2017-08-08,CABO UN Equity,5.5447,5.4141
CACC,2017-07-31,CACC UW Equity,5.22,5.09
CAG,2017-06-29,CAG UN Equity,0.37,0.5835
CAH,2017-08-02,CAH UN Equity,1.31,2.5639
CASY,2017-06-05,CASY UW Equity,1.4613,1.482
CAT,2017-07-25,CAT UN Equity,1.49,1.5292
CB,2017-07-25,CB UN Equity,2.5,3.3805
CBOE,2017-08-04,CBOE UF Equity,0.6335,0.6268
CBRE,2017-07-27,CBRE UN Equity,0.65,0.5168
CBS,2017-08-07,CBS UN Equity,0.97,0.98
CBSH,2017-07-13,CBSH UW Equity,0.6803,0.6803
CBT,2017-08-01,CBT UN Equity,0.81,0.8397
CC,2017-08-02,CC UN Equity,0.87,0.9411
CCI,2017-07-19,CCI UN Equity,0.326,0.3195
CCK,2017-07-19,CCK UN Equity,1.12,1.1237
CCL,2017-06-22,CCL UN Equity,0.52,0.5221
CDEV,2017-08-07,CDEV UR Equity,0.0631,0.0667
CDK,2017-08-01,CDK UW Equity,0.55,0.5473
CDNS,2017-04-24,CDNS UW Equity,0.2536,0.2537
CDW,2017-08-03,CDW UW Equity,1.0994,0.9263
CE,2017-07-24,CE UN Equity,1.79,1.7963
CELG,2017-07-27,CELG UW Equity,1.4319,1.5987
CERN,2017-04-27,CERN UW Equity,0.54,0.552
CF,2017-08-02,CF UN Equity,0.1,0.0685
CFG,2017-07-21,CFG UN Equity,0.6267,0.63
CFR,2017-07-27,CFR UN Equity,1.2845,1.3
CFX,2017-07-28,CFX UN Equity,0.43,0.3753
CGNX,2017-05-01,CGNX UW Equity,0.315,0.165
CHD,2017-08-03,CHD UN Equity,0.41,0.4179
CHE,2017-07-25,CHE UN Equity,2.2495,2.2535
CHH,2017-08-02,CHH UN Equity,0.79,0.8997
CHRW,2017-07-19,CHRW UW Equity,0.7845,0.7876
CHTR,2017-07-27,CHTR UW Equity,0.52,1.0358
CI,2017-08-04,CI UN Equity,2.91,3.2509
CIM,2017-08-02,CIM UN Equity,0.6,0.8241
CINF,2017-08-02,CINF UW Equity,0.64,0.6512
CIT,2017-07-25,CIT UN Equity,0.68,0.781
CL,2017-07-21,CL UN Equity,0.72,0.723
CLGX,2017-07-25,CLGX UN Equity,0.5214,0.5292
CLH,2017-08-02,CLH UN Equity,0.24,0.2875
CLX,2017-08-03,CLX UN Equity,1.5313,1.5192
CMA,2017-07-18,CMA UN Equity,1.15,1.0971
CMCSA,2017-07-27,CMCSA UW Equity,0.5226,0.5335
CMD,2017-06-08,CMD UN Equity,0.54,0.4248
CME,2017-08-01,CME UW Equity,1.23,1.2036
CMG,2017-07-25,CMG UN Equity,2.32,2.3205
CMI,2017-05-02,CMI UN Equity,2.5268,2.5072
CMS,2017-07-28,CMS UN Equity,0.33,0.3327
CNA,2017-07-31,CNA UN Equity,0.88,0.8816
CNC,2017-07-25,CNC UN Equity,1.59,1.4775
CNK,2017-08-04,CNK UN Equity,0.4672,0.4734
CNP,2017-08-03,CNP UN Equity,0.29,0.29
COF,2017-07-20,COF UN Equity,1.9648,1.98
COG,2017-07-27,COG UN Equity,0.1265,0.1241
COHR,2017-05-09,COHR UW Equity,2.717,2.7185
COLM,2017-07-27,COLM UW Equity,-0.1271,-0.1271
COMM,2017-08-03,COMM UW Equity,0.3521,0.2526
CONE,2017-08-02,CONE UW Equity,0.0418,0.042
COO,2017-06-01,COO UN Equity,2.64,2.2688
COP,2017-07-27,COP UN Equity,0.14,0.1334
COR,2017-07-27,COR UN Equity,0.4594,0.46
COST,2017-05-25,COST UW Equity,1.4012,1.4083
CPA,2017-08-09,CPA UN Equity,1.48,1.481
CPB,2017-05-19,CPB UN Equity,0.52,0.5248
CPRT,2017-05-24,CPRT UW Equity,0.35,0.3634
CPT,2017-07-27,CPT UN Equity,0.43,0.43
CR,2017-07-24,CR UN Equity,1.17,1.195
CRI,2017-04-27,CRI UN Equity,0.79,0.802
CRL,2017-05-10,CRL UN Equity,1.29,1.1797
CRM,2017-05-18,CRM UN Equity,0.0243,0.0719
CSCO,2017-05-17,CSCO UW Equity,0.5277,0.5388
CSGP,2017-07-26,CSGP UW Equity,0.6854,0.6924
CSL,2017-07-25,CSL UN Equity,1.58,1.5593
CSX,2017-07-18,CSX UW Equity,0.64,0.641
CTAS,2017-07-20,CTAS UW Equity,1.25,1.1646
CTL,2017-08-02,CTL UN Equity,0.46,0.1875
CTLT,2017-08-28,CTLT UN Equity,0.5316,0.5477
CTSH,2017-08-03,CTSH UW Equity,0.7834,0.8795
CTXS,2017-08-02,CTXS UW Equity,0.7073,0.7295
CUBE,2017-07-27,CUBE UN Equity,0.18,0.18
CVS,2017-08-08,CVS UN Equity,1.33,1.2154
CVX,2017-07-28,CVX UN Equity,0.9086,0.8726
CW,2017-07-26,CW UN Equity,1.13,1.15
CXO,2017-08-02,CXO UN Equity,0.52,0.6862
CXP,2017-07-27,CXP UN Equity,0.0093,0.01
CY,2017-04-27,CY UW Equity,-0.0625,-0.046
CZR,2017-08-03,CZR UW Equity,-1.5288,-3.3158
D,2017-08-02,D UN Equity,0.67,0.6945
DAL,2017-07-13,DAL UN Equity,1.64,1.5975
DATA,2017-08-02,DATA UN Equity,-0.5416,-0.54
DCI,2017-06-01,DCI UN Equity,0.51,0.52
DE,2017-05-19,DE UN Equity,1.7927,2
DEI,2017-08-01,DEI UN Equity,0.129,0.129
DFS,2017-07-26,DFS UN Equity,1.4037,1.4037
DG,2017-06-01,DG UN Equity,1.0953,1.08
DGX,2017-07-25,DGX UN Equity,1.55,1.5328
DHI,2017-07-26,DHI UN Equity,0.76,0.7804
DHR,2017-07-20,DHR UN Equity,0.99,0.8233
DIS,2017-05-09,DIS UN Equity,1.58,1.5864
DISCA,2017-07-31,DISCA UW Equity,0.68,0.6815
DISCK,2017-07-31,DISCK UW Equity,0.68,0.6815
DISH,2017-08-03,DISH UW Equity,0.4975,0.495
DKS,2017-05-16,DKS UN Equity,0.96,0.9686
DLB,2017-07-25,DLB UN Equity,0.7296,0.75
DLR,2017-07-27,DLR UN Equity,0.4454,0.448
DLTR,2017-05-25,DLTR UW Equity,0.99,0.99
DNB,2017-08-02,DNB UN Equity,1.4,1.271
DNKN,2017-05-04,DNKN UW Equity,0.64,0.5606
DOV,2017-07-20,DOV UN Equity,1.04,0.9227
DOX,2017-08-02,DOX UW Equity,0.8093,0.8168
DPZ,2017-07-25,DPZ UN Equity,1.3228,1.3726
DRE,2017-07-26,DRE UN Equity,3.2707,0.2115
DRI,2017-06-27,DRI UN Equity,1.18,1.1904
DTE,2017-07-26,DTE UN Equity,1.07,1.0838
DUK,2017-08-03,DUK UN Equity,1.01,1.0129
DVA,2017-08-01,DVA UN Equity,0.92,0.8479
DVN,2017-08-01,DVN UN Equity,0.34,0.1043
DXC,2017-08-08,DXC UN Equity,1.59,1.4269
EA,2017-07-27,EA UW Equity,2.0596,2.0867
EBAY,2017-07-20,EBAY UW Equity,0.308,0.0242
ECL,2017-08-01,ECL UN Equity,1.13,1.1411
ED,2017-08-03,ED UN Equity,0.58,0.5828
EEFT,2017-07-25,EEFT UW Equity,1.0982,1.0076
EFX,2017-07-26,EFX UN Equity,1.6,1.37
EHC,2017-07-31,EHC UN Equity,0.71,0.7761
EIX,2017-07-27,EIX UN Equity,0.85,0.9018
EL,2017-08-18,EL UN Equity,0.51,0.5033
ELS,2017-07-17,ELS UN Equity,0.45,0.46
EMN,2017-07-27,EMN UN Equity,1.98,2.01
EMR,2017-08-01,EMR UN Equity,0.68,0.6554
ENR,2017-08-02,ENR UN Equity,0.43,0.432
EOG,2017-08-01,EOG UN Equity,0.08,0.0797
EPAM,2017-08-03,EPAM UN Equity,0.685,0.7248
EPR,2017-08-03,EPR UN Equity,0.8873,0.7976
EQC,2017-07-24,EQC UN Equity,0.1574,0.0608
EQIX,2017-08-02,EQIX UW Equity,0.9382,0.9452
EQR,2017-07-25,EQR UN Equity,0.3023,0.2932
EQT,2017-07-27,EQT UN Equity,0.06,0.1841
ERIE,2017-07-27,ERIE UW Equity,1.1182,1.2004
ES,2017-07-27,ES UN Equity,0.72,0.72
ESRT,2017-07-26,ESRT UN Equity,0.0556,0.105
ESRX,2017-07-25,ESRX UW Equity,1.73,1.3409
ESS,2017-07-27,ESS UN Equity,1.0422,1.08
ETFC,2017-07-20,ETFC UW Equity,0.5186,0.7102
ETN,2017-08-01,ETN UN Equity,1.15,1.1576
ETR,2017-08-02,ETR UN Equity,3.11,3.1315
EV,2017-05-24,EV UN Equity,0.62,0.6354
EVR,2017-07-27,EVR UN Equity,1.06,0.9957
EW,2017-07-26,EW UN Equity,1.08,1.0124
EWBC,2017-07-20,EWBC UW Equity,0.8073,0.8143
EXAS,2017-07-25,EXAS UR Equity,-0.27,-0.2722
EXC,2017-08-02,EXC UN Equity,0.54,95
EXEL,2017-08-02,EXEL UW Equity,0.0696,0.0739
EXP,2017-07-27,EXP UN Equity,1.168,1.14
EXPD,2017-08-08,EXPD UW Equity,0.598,0.6
EXPE,2017-07-27,EXPE UW Equity,0.448,0.464
EXR,2017-08-01,EXR UN Equity,0.69,0.69
F,2017-07-26,F UN Equity,0.56,0.5655
FAF,2017-07-27,FAF UN Equity,1.09,0.9854
FANG,2017-08-01,FANG UW Equity,1.4,1.3245
FAST,2017-07-12,FAST UW Equity,0.52,0.52
FB,2017-07-26,FB UW Equity,1.3182,1.34
FBHS,2017-08-02,FBHS UN Equity,0.92,0.9293
FCE-A,2017-08-03,FCE/A UN Equity,0.2296,0.2329
FCX,2017-07-25,FCX UN Equity,0.17,0.1596
FDC,2017-08-07,FDC UN Equity,0.2249,0.225
FDS,2017-06-27,FDS UN Equity,1.85,1.7868
FDX,2017-06-20,FDX UN Equity,4.25,4.2622
FE,2017-07-27,FE UN Equity,0.61,0.5551
FEYE,2017-08-01,FEYE UW Equity,-0.4,-0.3865
FFIV,2017-07-26,FFIV UW Equity,1.541,1.5229
FHB,2017-07-27,FHB UW Equity,0.41,0.4098
FHN,2017-07-14,FHN UN Equity,0.2732,0.4171
FICO,2017-07-31,FICO UN Equity,0.7897,0.8263
FIS,2017-08-02,FIS UN Equity,1.02,0.541
FISV,2017-08-01,FISV UW Equity,0.595,0.5493
FITB,2017-07-21,FITB UW Equity,0.46,0.4728
FL,2017-05-19,FL UN Equity,0.62,0.6169
FLIR,2017-07-26,FLIR UW Equity,0.42,0.3885
FLO,2017-05-17,FLO UN Equity,0.24,0.2411
FLS,2017-07-27,FLS UN Equity,0.22,0.1233
FLT,2017-08-03,FLT UN Equity,1.99,1.42
FMC,2017-08-01,FMC UN Equity,0.48,1.0464
FNB,2017-07-20,FNB UN Equity,0.23,0.2268
FNF,2017-07-19,FNF UN Equity,0.75,0.5756
FOX,2017-08-09,FOX UW Equity,0.36,0.3261
FOXA,2017-08-09,FOXA UW Equity,0.36,0.3261
FRC,2017-07-14,FRC UN Equity,1.0611,1.1
FRT,2017-08-02,FRT UN Equity,0.7925,0.7939
FSLR,2017-07-27,FSLR UW Equity,0.64,0.7692
FTNT,2017-07-26,FTNT UW Equity,0.1278,0.1307
FTV,2017-07-27,FTV UN Equity,0.71,0.69
FWONA,2017-08-09,FWONA UW Equity,0.1132,0.1132
G,2017-08-02,G UN Equity,0.3759,0.3702
GD,2017-04-26,GD UN Equity,2.45,2.5
GDDY,2017-08-08,GDDY UN Equity,0.1681,0.3439
GE,2017-07-21,GE UN Equity,0.28,0.2172
GGG,2017-07-26,GGG UN Equity,0.46,0.16
GILD,2017-07-26,GILD UW Equity,2.3607,2.3787
GIS,2017-06-28,GIS UN Equity,0.73,0.7432
GLW,2017-07-26,GLW UN Equity,0.42,0.3822
GM,2017-07-25,GM UN Equity,1.89,2.0223
GNTX,2017-07-21,GNTX UW Equity,0.31,0.3074
GOOGL,2017-07-24,GOOGL UW Equity,8.9167,9.0618
GPC,2017-07-20,GPC UN Equity,1.29,1.29
GPK,2017-07-25,GPK UN Equity,0.15,0.1493
GPN,2017-08-03,GPN UN Equity,0.5128,0.5609
GPS,2017-05-18,GPS UN Equity,0.5843,0.6029
GRA,2017-07-27,GRA UN Equity,0.84,0.8404
GRMN,2017-05-03,GRMN UW Equity,0.88,0.9473
GRUB,2017-08-03,GRUB UN Equity,0.2171,0.1812
GS,2017-07-18,GS UN Equity,3.95,3.8786
GT,2017-07-28,GT UW Equity,0.7,0.7024
GWR,2017-08-01,GWR UN Equity,0.8,0.8071
GWRE,2017-06-01,GWRE UN Equity,0.3554,0.36
GWW,2017-07-19,GWW UN Equity,2.74,3.0297
H,2017-08-03,H UN Equity,0.52,0.5227
HAIN,2017-08-29,HAIN UW Equity,0.43,0.4028
HAL,2017-07-24,HAL UN Equity,0.23,0.2499
HAS,2017-04-24,HAS UW Equity,0.5317,0.54
HBAN,2017-07-21,HBAN UW Equity,0.26,0.23
HBI,2017-05-02,HBI UN Equity,0.53,0.5375
HCA,2017-07-25,HCA UN Equity,1.75,1.7931
HCP,2017-08-01,HCP UN Equity,0.0403,0.1612
HD,2017-05-16,HD UN Equity,2.2473,2.26
HDS,2017-06-06,HDS UW Equity,0.64,0.41
HE,2017-08-03,HE UN Equity,0.36,0.36
HEI,2017-05-23,HEI UN Equity,0.3392,0.3232
HEI-A,2017-05-23,HEI/A UN Equity,0.3392,0.3232
HES,2017-07-26,HES UN Equity,-1.46,-1.403
HFC,2017-08-02,HFC UN Equity,0.66,0.3344
HGV,2017-08-02,HGV UN Equity,0.51,0.5285
HHC,2017-08-07,HHC UN Equity,0.0725,0.08
HII,2017-08-03,HII UN Equity,3.21,2.5164
HIW,2017-07-25,HIW UN Equity,0.3429,0.3588
HLF,2017-08-01,HLF UN Equity,0.755,1.0559
HLT,2017-07-26,HLT UN Equity,0.52,0.5115
HOG,2017-07-18,HOG UN Equity,1.4765,1.48
HOLX,2017-05-10,HOLX UW Equity,0.5,0.2733
HON,2017-07-21,HON UN Equity,1.8,2.012
HP,2017-07-27,HP UN Equity,-0.253,-0.2488
HPE,2017-05-31,HPE UN Equity,0.31,0.2071
HPP,2017-08-03,HPP UN Equity,0.02,0.0232
HPQ,2017-05-24,HPQ UN Equity,0.43,0.4417
HPT,2017-08-09,HPT UW Equity,0.37,0.37
HRB,2017-06-13,HRB UN Equity,-0.62,-0.62
HRC,2017-07-28,HRC UN Equity,0.91,0.927
HRL,2017-05-25,HRL UN Equity,0.3387,0.3437
HRS,2017-08-01,HRS UN Equity,1.49,1.5212
HSIC,2017-05-09,HSIC UW Equity,0.875,0.4414
HST,2017-07-26,HST UN Equity,0.2842,0.2478
HSY,2017-04-26,HSY UN Equity,1.09,1.0876
HTA,2017-07-31,HTA UN Equity,0.0729,0.0542
HUBB,2017-07-25,HUBB UN Equity,1.43,1.44
HUM,2017-08-02,HUM UN Equity,3.49,3.4287
HUN,2017-07-27,HUN UN Equity,0.85,0.5497
HXL,2017-07-24,HXL UN Equity,0.67,0.68
IAC,2017-08-02,IAC UW Equity,0.6668,0.2393
IART,2017-07-26,IART UW Equity,0.45,0.3616
IBKR,2017-07-18,IBKR VF Equity,0.41,0.33
IBM,2017-07-18,IBM UN Equity,2.97,2.7924
ICE,2017-08-03,ICE UN Equity,0.75,0.7169
ICUI,2017-08-09,ICUI UW Equity,0.2842,0.2842
IDXX,2017-08-01,IDXX UW Equity,0.9497,0.97
IEX,2017-07-25,IEX UN Equity,1.08,1.1009
IFF,2017-08-08,IFF UN Equity,1.5,1.5067
ILMN,2017-04-25,ILMN UW Equity,0.82,0.8431
INCY,2017-08-01,INCY UW Equity,0.026,0.1513
INFO,2017-06-27,INFO UW Equity,0.2972,0.2974
INGR,2017-08-01,INGR UN Equity,1.89,1.8802
INTC,2017-04-27,INTC UW Equity,0.72,1.3917
INTU,2017-05-23,INTU UW Equity,0.0944,0.0947
INVH,2017-08-10,INVH UN Equity,-0.0115,-0.0129
IONS,2017-08-08,IONS UW Equity,-0.0904,-0.02
IP,2017-07-27,IP UN Equity,0.65,0.712
IPG,2017-07-25,IPG UN Equity,0.27,0.3079
IPGP,2017-08-01,IPGP UW Equity,1.9255,1.9506
IQV,2017-08-03,IQV UN Equity,0.5245,0.4673
IR,2017-07-26,IR UN Equity,1.5002,1.4989
IRM,2017-07-28,IRM UN Equity,0.3,0.2428
ISRG,2017-07-20,ISRG UW Equity,1.7454,0.5742
ITT,2017-08-04,ITT UN Equity,0.65,0.6542
ITW,2017-07-24,ITW UN Equity,1.66,1.6557
IVZ,2017-07-27,IVZ UN Equity,0.64,0.5514
JAZZ,2017-08-08,JAZZ UW Equity,1.7393,1.7837
JBHT,2017-07-17,JBHT UW Equity,0.8831,0.9027
JBL,2017-06-14,JBL UN Equity,0.0887,0.1613
JBLU,2017-07-25,JBLU UW Equity,0.6365,0.63
JCI,2017-07-27,JCI UN Equity,0.71,0.6885
JEC,2017-08-08,JEC UN Equity,0.79,0.7888
JEF,2017-07-27,JEF UN Equity,0.16,0.0112
JKHY,2017-08-15,JKHY UW Equity,0.83,0.8251
JNJ,2017-04-18,JNJ UN Equity,1.83,1.7318
JNPR,2017-07-25,JNPR UN Equity,0.4869,0.4861
JPM,2017-07-14,JPM UN Equity,1.7126,1.8369
JW-A,2017-06-13,JW/A UN Equity,0.59,0.5955
JWN,2017-05-11,JWN UN Equity,0.6528,0.66
K,2017-05-04,K UN Equity,0.97,0.9841
KAR,2017-08-08,KAR UN Equity,0.65,0.5508
KEX,2017-07-26,KEX UN Equity,0.4822,0.4791
KEY,2017-07-20,KEY UN Equity,0.34,0.381
KHC,2017-05-03,KHC UW Equity,0.98,1.057
KIM,2017-07-26,KIM UN Equity,0.3789,0.3345
KLAC,2017-07-27,KLAC UW Equity,1.64,1.6514
KMB,2017-07-25,KMB UN Equity,1.49,1.5075
KMI,2017-07-19,KMI UN Equity,0.14,0.14
KMX,2017-06-21,KMX UN Equity,1.13,1.14
KNX,2017-07-24,KNX UN Equity,0.3472,0.3658
KO,2017-07-26,KO UN Equity,0.59,0.7002
KORS,2017-05-31,KORS UN Equity,0.8,0.8144
KOS,2017-08-07,KOS UN Equity,-0.02,-0.0216
KR,2017-06-15,KR UN Equity,0.58,0.4694
KRC,2017-07-26,KRC UN Equity,0.3,0.3
KSS,2017-05-11,KSS UN Equity,1.24,1.24
KSU,2017-07-21,KSU UN Equity,1.33,1.27
L,2017-07-31,L UN Equity,0.7521,0.6767
LAMR,2017-08-08,LAMR UW Equity,0.9341,0.9389
LAZ,2017-07-27,LAZ UN Equity,0.98,0.9864
LB,2017-05-17,LB UN Equity,0.48,0.48
LBRDA,2017-08-02,LBRDA UW Equity,0.0025,0.0025
LDOS,2017-08-03,LDOS UN Equity,1.04,0.7483
LEA,2017-04-26,LEA UN Equity,4.39,4.425
LECO,2017-07-25,LECO UW Equity,0.97,0.9853
LEG,2017-07-27,LEG UN Equity,0.64,0.6432
LEN,2017-06-20,LEN UN Equity,0.902,0.9177
LEN-B,2017-06-20,LEN/B UN Equity,0.902,0.9177
LFUS,2017-05-03,LFUS UW Equity,2.1,2.14
LH,2017-07-26,LH UN Equity,2.47,2.1227
LII,2017-07-24,LII UN Equity,2.83,2.7748
LKQ,2017-07-27,LKQ UW Equity,0.53,0.4879
LLL,2017-07-27,LLL UN Equity,2.54,2.44
LLY,2017-07-25,LLY UN Equity,1.11,0.9868
LM,2017-07-26,LM UN Equity,0.6526,0.656
LMT,2017-07-18,LMT UN Equity,3.2349,3.31
LNC,2017-08-02,LNC UN Equity,1.85,1.8743
LNG,2017-08-08,LNG UA Equity,-1.0839,-1.1335
LNT,2017-08-03,LNT UN Equity,0.41,0.41
LOGM,2017-07-27,LOGM UW Equity,0.3998,0.8178
LOPE,2017-08-01,LOPE UW Equity,0.8282,0.8465
LOW,2017-05-24,LOW UN Equity,1.57,1.5716
LPLA,2017-07-27,LPLA UW Equity,0.74,0.76
LPT,2017-07-25,LPT UN Equity,0.3086,0.2591
LRCX,2017-07-26,LRCX UW Equity,3.11,3.2557
LSI,2017-08-02,LSI UN Equity,0.4164,0.42
LSTR,2017-04-26,LSTR UW Equity,0.89,0.8908
LSXMA,2017-08-09,LSXMA UW Equity,0.3625,0.373
LSXMK,2017-08-09,LSXMK UW Equity,0.3625,0.373
LULU,2017-06-01,LULU UW Equity,0.39,0.3729
LUV,2017-07-27,LUV UN Equity,1.24,1.2334
LVS,2017-07-26,LVS UN Equity,0.73,0.6982
LW,2017-07-25,LW UN Equity,0.51,0.516
LYB,2017-07-28,LYB UN Equity,2.82,2.8329
LYV,2017-08-09,LYV UN Equity,0.3047,0.322
M,2017-05-11,M UN Equity,0.48,0.3732
MA,2017-07-27,MA UN Equity,1.1,1.1
MAA,2017-07-26,MAA UN Equity,0.4339,0.4501
MAC,2017-08-02,MAC UN Equity,0.1914,0.1914
MAN,2017-07-24,MAN UN Equity,1.7206,1.74
MANH,2017-07-20,MANH UW Equity,0.4771,0.4775
MAR,2017-08-07,MAR UW Equity,1.13,1.2907
MAS,2017-07-27,MAS UN Equity,0.6,0.6598
MASI,2017-05-03,MASI UW Equity,0.83,0.8762
MAT,2017-07-27,MAT UW Equity,-0.14,-0.1475
MCD,2017-07-25,MCD UN Equity,1.733,1.7338
MCHP,2017-08-03,MCHP UW Equity,1.2518,1.2511
MCK,2017-07-27,MCK UN Equity,2.46,1.7981
MCO,2017-07-21,MCO UN Equity,1.51,1.5366
MCY,2017-07-31,MCY UN Equity,0.68,0.6849
MD,2017-07-28,MD UN Equity,0.6863,0.69
MDLZ,2017-08-02,MDLZ UW Equity,0.48,0.4839
MDT,2017-05-25,MDT UN Equity,1.12,0.8569
MDU,2017-08-01,MDU UN Equity,0.2235,0.22
MET,2017-08-02,MET UN Equity,1.3,0.2298
MFA,2017-08-02,MFA UN Equity,0.1872,0.1836
MGM,2017-07-27,MGM UN Equity,0.3418,0.3052
MHK,2017-04-27,MHK UN Equity,3.72,3.9599
MIC,2017-08-02,MIC UN Equity,0.32,0.3837
MIDD,2017-05-09,MIDD UW Equity,1.3938,1.3475
MIK,2017-06-06,MIK UW Equity,0.19,0.1903
MKC,2017-06-29,MKC UN Equity,0.82,0.8292
MKL,2017-07-26,MKL UN Equity,9.4915,9.52
MKSI,2017-07-25,MKSI UW Equity,1.41,1.2959
MKTX,2017-07-26,MKTX UW Equity,0.9986,1.03
MLM,2017-08-01,MLM UN Equity,2.0945,2.0945
MMC,2017-07-27,MMC UN Equity,1,1.0053
MMM,2017-07-25,MMM UN Equity,2.58,2.0934
MNST,2017-08-08,MNST UW Equity,0.3854,0.3923
MO,2017-07-27,MO UN Equity,0.85,0.8545
MOH,2017-08-02,MOH UN Equity,-4.01,-1.0571
MORN,2017-07-25,MORN UW Equity,0.6454,0.8034
MOS,2017-08-01,MOS UN Equity,0.2906,0.3114
MPC,2017-07-27,MPC UN Equity,1.0238,0.939
MPW,2017-08-09,MPW UN Equity,0.2128,0.212
MPWR,2017-07-26,MPWR UW Equity,0.3503,0.3679
MRK,2017-07-28,MRK UN Equity,1.01,1.0161
MRO,2017-08-02,MRO UN Equity,-0.24,-0.2199
MRVL,2017-05-25,MRVL UW Equity,0.2208,0.2281
MS,2017-07-19,MS UN Equity,0.87,0.89
MSCI,2017-08-03,MSCI UN Equity,0.95,0.8933
MSFT,2017-07-20,MSFT UW Equity,0.75,0.9263
MSG,2017-08-17,MSG UN Equity,-3.3161,-3.3161
MSI,2017-05-04,MSI UN Equity,0.8751,0.9237
MSM,2017-07-12,MSM UN Equity,1.0973,1.1
MTB,2017-07-19,MTB UN Equity,2.35,2.36
MTCH,2017-08-02,MTCH UW Equity,0.1742,0.1156
MTD,2017-07-27,MTD UN Equity,3.92,4.065
MTN,2017-06-08,MTN UN Equity,-1.4258,-1.3833
MU,2017-06-29,MU UW Equity,1.4396,1.5321
MUR,2017-08-02,MUR UN Equity,-0.11,-0.303
MXIM,2017-07-20,MXIM UW Equity,0.63,0.6361
MYL,2017-08-09,MYL UW Equity,1.1,0.6232
NATI,2017-07-27,NATI UW Equity,0.2249,0.2265
NAVI,2017-07-18,NAVI UW Equity,0.43,0.4393
NBIX,2017-08-03,NBIX UW Equity,-0.68,-0.6877
NBL,2017-08-03,NBL UN Equity,0.05,0.0508
NBR,2017-08-02,NBR UN Equity,-0.41,-0.4037
NCLH,2017-08-08,NCLH UN Equity,1.02,0.8789
NCR,2017-07-20,NCR UN Equity,0.8,0.9005
NDAQ,2017-07-26,NDAQ UW Equity,1.02,0.9568
NDSN,2017-05-22,NDSN UW Equity,1.78,1.8026
NEE,2017-07-26,NEE UN Equity,1.86,1.8701
NEM,2017-07-25,NEM UN Equity,0.46,0.4653
NEU,2017-08-02,NEU UN Equity,5.29,5.29
NFG,2017-08-03,NFG UN Equity,0.69,0.7
NFLX,2017-07-17,NFLX UW Equity,0.147,0.15
NFX,2017-08-01,NFX UN Equity,0.43,0.4271
NI,2017-08-02,NI UN Equity,0.1,0.0862
NKE,2017-06-29,NKE UN Equity,0.6005,0.61
NKTR,2017-08-08,NKTR UW Equity,-0.3854,-0.39
NLSN,2017-07-27,NLSN UN Equity,0.4112,0.3926
NLY,2017-08-02,NLY UN Equity,0.3,0.1656
NNN,2017-08-01,NNN UN Equity,0.3615,0.3625
NOC,2017-07-26,NOC UN Equity,3.1453,3.18
NOV,2017-07-27,NOV UN Equity,-0.14,-0.1472
NOW,2017-07-26,NOW UN Equity,-0.2655,-0.322
NRG,2017-08-03,NRG UN Equity,0.3259,0.5655
NRZ,2017-07-31,NRZ UN Equity,1.03,1.0638
NSC,2017-07-26,NSC UN Equity,1.6822,1.6952
NTAP,2017-05-24,NTAP UW Equity,0.4892,0.49
NTNX,2017-05-25,NTNX UW Equity,-0.5827,-0.422
NTRS,2017-07-19,NTRS UW Equity,1.2262,1.1886
NUAN,2017-08-08,NUAN UW Equity,-0.0288,-0.0233
NUE,2017-04-20,NUE UN Equity,1.0057,1
NUS,2017-08-02,NUS UN Equity,0.7666,0.79
NVDA,2017-05-09,NVDA UW Equity,0.9292,0.98
NVR,2017-07-21,NVR UN Equity,35.1921,39.46
NWL,2017-08-04,NWL UN Equity,0.87,0.324
NWS,2017-08-10,NWS UW Equity,0.11,0.1265
NWSA,2017-08-10,NWSA UW Equity,0.11,0.1265
NXPI,2017-05-03,NXPI UW Equity,0.2419,0.2472
NYCB,2017-07-26,NYCB UN Equity,0.22,0.22
O,2017-07-26,O UN Equity,0.3003,0.2956
OC,2017-07-26,OC UN Equity,1.2,1.2097
ODFL,2017-07-27,ODFL UW Equity,1.194,1.1988
OFC,2017-07-27,OFC UN Equity,0.1125,0.0986
OGE,2017-08-03,OGE UN Equity,0.5243,0.52
OHI,2017-07-26,OHI UN Equity,0.506,0.4963
OI,2017-07-31,OI UN Equity,0.75,0.9003
OKE,2017-08-01,OKE UN Equity,0.332,0.3355
OLED,2017-08-03,OLED UW Equity,0.998,0.99
OLN,2017-07-31,OLN UN Equity,0.022,0.022
OMC,2017-07-20,OMC UN Equity,1.4021,1.41
OMF,2017-08-02,OMF UN Equity,0.81,0.5076
ON,2017-08-07,ON UW Equity,0.2995,0.3171
ORCL,2017-06-21,ORCL UN Equity,0.7814,0.7988
ORI,2017-07-27,ORI UN Equity,0.34,0.37
ORLY,2017-07-26,ORLY UW Equity,3.0377,3.14
OSK,2017-08-02,OSK UN Equity,1.84,1.8688
OUT,2017-08-03,OUT UN Equity,0.2803,0.2817
OXY,2017-08-02,OXY UN Equity,0.15,0.6952
OZK,2017-07-12,OZK UW Equity,0.7254,0.7275
PACW,2017-07-18,PACW UW Equity,0.7805,0.7808
PAG,2017-07-27,PAG UN Equity,1.23,1.23
PANW,2017-05-31,PANW UN Equity,-0.2458,-0.2055
PAYC,2017-08-01,PAYC UN Equity,0.2418,0.209
PAYX,2017-06-28,PAYX UW Equity,0.54,0.54
PB,2017-07-26,PB UN Equity,1.022,1.022
PBCT,2017-07-20,PBCT UW Equity,0.244,0.2451
PBF,2017-08-03,PBF UN Equity,-0.06,-0.8661
PCAR,2017-07-25,PCAR UW Equity,1.0576,1.06
PCG,2017-07-27,PCG UN Equity,0.86,0.771
PE,2017-08-02,PE UN Equity,0.05,0.0695
PEG,2017-07-28,PEG UN Equity,0.62,0.6257
PEGA,2017-08-09,PEGA UW Equity,0.1375,0.05
PEN,2017-08-08,PEN UN Equity,-0.0469,-0.05
PEP,2017-07-11,PEP UW Equity,1.5,1.5091
PFE,2017-05-02,PFE UN Equity,0.67,0.5854
PFG,2017-07-27,PFG UW Equity,1.31,1.2853
PFPT,2017-07-27,PFPT UQ Equity,-0.59,-0.2668
PG,2017-07-27,PG UN Equity,0.85,0.8557
PGR,2017-07-18,PGR UN Equity,0.593,0.5973
PGRE,2017-08-03,PGRE UN Equity,-0.1318,-0.1318
PH,2017-08-03,PH UN Equity,2.45,2.5238
PHM,2017-07-25,PHM UN Equity,0.47,0.3682
PII,2017-07-20,PII UN Equity,1.16,1.0214
PINC,2017-08-21,PINC UW Equity,-6.0346,-4.1833
PK,2017-08-02,PK UN Equity,0.52,0.52
PKG,2017-07-26,PKG UN Equity,1.52,1.5239
PKI,2017-05-04,PKI UN Equity,0.67,0.6086
PLD,2017-07-18,PLD UN Equity,0.5,0.4047
PM,2017-07-20,PM UN Equity,1.14,1.14
PNC,2017-07-14,PNC UN Equity,2.1,2.12
PNFP,2017-07-18,PNFP UW Equity,0.8393,0.8483
PNR,2017-07-25,PNR UN Equity,1,0.4876
PNW,2017-08-03,PNW UN Equity,1.4904,1.5
PODD,2017-08-03,PODD UW Equity,-0.134,-0.13
POOL,2017-07-20,POOL UW Equity,2.2078,2.3
POST,2017-08-03,POST UN Equity,0.63,0.8507
PPC,2017-08-02,PPC UW Equity,0.93,0.9419
PPL,2017-08-03,PPL UN Equity,0.52,0.5206
PRAH,2017-08-07,PRAH UW Equity,0.79,0.4694
PRGO,2017-05-30,PRGO UN Equity,1.22,0.4915
PRU,2017-08-02,PRU UN Equity,2.09,3.2692
PSA,2017-07-26,PSA UN Equity,1.59,1.5882
PSTG,2017-05-24,PSTG UN Equity,-0.2949,-0.28
PSX,2017-08-01,PSX UN Equity,1.09,0.8179
PTEN,2017-07-27,PTEN UW Equity,-0.1992,-0.2467
PVH,2017-05-24,PVH UN Equity,1.69,1.6121
PWR,2017-08-03,PWR UN Equity,0.4319,0.4138
PXD,2017-08-01,PXD UN Equity,0.21,0.2235
PYPL,2017-07-26,PYPL UW Equity,0.3383,0.34
QCOM,2017-07-19,QCOM UW Equity,0.6677,0.6664
QGEN,2017-07-27,QGEN UN Equity,0.25,0.1902
QRVO,2017-05-03,QRVO UW Equity,-0.196,-0.1799
R,2017-07-26,R UN Equity,1,1.39
RBC,2017-05-08,RBC UN Equity,1.29,1.2967
RCL,2017-08-01,RCL UN Equity,1.71,1.72
RE,2017-07-24,RE UN Equity,5.51,5.6768
REG,2017-08-03,REG UW Equity,0.331,0.3316
REGN,2017-08-03,REGN UW Equity,3.5071,3.8426
RES,2017-07-26,RES UN Equity,0.1903,0.1903
RF,2017-07-21,RF UN Equity,0.25,0.255
RGA,2017-07-27,RGA UN Equity,2.95,3.0028
RGLD,2017-08-09,RGLD UW Equity,0.31,0.31
RHI,2017-07-25,RHI UN Equity,0.642,0.64
RHT,2017-06-20,RHT UN Equity,0.4052,0.4253
RIG,2017-08-02,RIG UN Equity,-0.0997,-0.0026
RJF,2017-07-26,RJF UN Equity,1.26,1.2881
RL,2017-05-18,RL UN Equity,1.11,1.1107
RLGY,2017-08-03,RLGY UN Equity,0.766,0.7776
RMD,2017-08-01,RMD UN Equity,0.77,0.72
RNG,2017-08-02,RNG UN Equity,-0.0961,-0.0313
RNR,2017-07-25,RNR UN Equity,2.79,3.2492
ROK,2017-07-26,ROK UN Equity,1.76,1.785
ROL,2017-07-26,ROL UN Equity,0.246,0.246
ROP,2017-07-31,ROP UN Equity,2.24,1.7885
ROST,2017-05-18,ROST UW Equity,0.821,0.83
RP,2017-08-02,RP UW Equity,0.1123,0.1031
RPM,2017-07-24,RPM UN Equity,1.02,1.0337
RRC,2017-08-01,RRC UN Equity,0.0109,0.062
RS,2017-07-27,RS UN Equity,1.4,1.4144
RSG,2017-07-27,RSG UN Equity,0.61,0.609
RTN,2017-04-27,RTN UN Equity,1.8938,1.9
RYN,2017-08-02,RYN UN Equity,0.2,0.0645
S,2017-08-01,S UN Equity,0.0207,0.0031
SABR,2017-08-01,SABR UW Equity,0.2612,0.2604
SAGE,2017-08-03,SAGE UQ Equity,-1.88,-1.88
SATS,2017-08-09,SATS UW Equity,0.0681,0.0546
SBAC,2017-07-31,SBAC UW Equity,0.1413,0.1424
SBNY,2017-07-19,SBNY UW Equity,2.21,0.26
SBUX,2017-04-27,SBUX UW Equity,0.55,0.3902
SC,2017-07-28,SC UN Equity,0.7356,0.74
SCCO,2017-07-27,SCCO UN Equity,0.3877,0.39
SCG,2017-08-03,SCG UN Equity,0.8467,0.85
SCHW,2017-07-18,SCHW UN Equity,0.3886,0.4
SCI,2017-07-26,SCI UN Equity,0.35,0.3602
SEE,2017-08-08,SEE UN Equity,0.35,0.3562
SEIC,2017-07-26,SEIC UW Equity,0.5673,0.5794
SERV,2017-07-31,SERV UN Equity,0.69,0.6557
SFM,2017-05-04,SFM UW Equity,0.2951,0.301
SGEN,2017-07-27,SGEN UW Equity,-0.39,-0.39
SHW,2017-07-20,SHW UN Equity,4.52,4.2039
SIRI,2017-07-27,SIRI UW Equity,0.0427,0.0437
SITC,2017-07-26,SITC UN Equity,0.1361,0.0366
SIVB,2017-07-27,SIVB UW Equity,2.1843,2.2116
SIX,2017-07-26,SIX UN Equity,0.5857,0.8862
SJM,2017-06-08,SJM UN Equity,1.51,1.2018
SKX,2017-07-20,SKX UN Equity,0.3812,0.383
SLB,2017-07-21,SLB UN Equity,0.35,0.2231
SLG,2017-07-19,SLG UN Equity,0.1202,0.1206
SLGN,2017-07-26,SLGN UW Equity,0.35,0.3539
SLM,2017-07-19,SLM UW Equity,0.16,0.1596
SM,2017-08-03,SM UN Equity,-0.32,-0.3402
SMG,2017-05-02,SMG UN Equity,2.63,2.4713
SNA,2017-04-20,SNA UN Equity,2.5966,2.65
SNH,2017-08-03,SNH UW Equity,0.1338,0.12
SNPS,2017-05-17,SNPS UW Equity,0.7853,0.7966
SNV,2017-07-18,SNV UN Equity,0.597,0.6011
SO,2017-08-02,SO UN Equity,0.73,0.7295
SON,2017-04-20,SON UN Equity,0.71,0.7165
SPG,2017-08-01,SPG UN Equity,1.6228,1.6228
SPGI,2017-07-27,SPGI UN Equity,1.72,1.63
SPLK,2017-05-25,SPLK UW Equity,-0.6004,-0.6027
SQ,2017-08-02,SQ UN Equity,-0.0424,-0.0424
SRC,2017-08-03,SRC UN Equity,0.0716,0.0145
SRCL,2017-08-03,SRCL UW Equity,1.15,0.8851
SRE,2017-08-04,SRE UN Equity,1.1,1.0976
SRPT,2017-07-19,SRPT UW Equity,-0.3695,-0.8219
SSNC,2017-07-27,SSNC UW Equity,0.2577,0.2654
ST,2017-07-25,ST UN Equity,0.81,0.5174
STAY,2017-08-01,STAY UW Equity,0.31,0.3135
STE,2017-08-08,STE UN Equity,0.85,0.7147
STI,2017-07-21,STI UN Equity,1.03,1.05
STL,2017-07-25,STL UN Equity,0.33,0.3247
STLD,2017-07-19,STLD UW Equity,0.63,0.6398
STOR,2017-08-03,STOR UN Equity,0.2046,0.2046
STT,2017-07-26,STT UN Equity,1.67,1.6786
STWD,2017-08-09,STWD UN Equity,0.52,0.6437
STZ,2017-06-29,STZ UN Equity,2.34,2.7168
SUI,2017-07-26,SUI UN Equity,0.1684,0.1695
SWK,2017-04-21,SWK UN Equity,2.01,2.2666
SWKS,2017-07-20,SWKS UW Equity,1.3215,1.4913
SYF,2017-07-21,SYF UN Equity,0.61,0.62
SYK,2017-07-27,SYK UN Equity,1.53,1.3854
SYY,2017-05-08,SYY UN Equity,0.72,0.689
T,2017-07-25,T UN Equity,0.79,0.7015
TAP,2017-08-02,TAP UN Equity,2.1868,1.709
TCBI,2017-07-19,TCBI UW Equity,0.9687,0.98
TCF,2017-07-24,TCF UN Equity,0.3292,0.33
TCO,2017-07-27,TCO UN Equity,0.2278,0.229
TDC,2017-07-27,TDC UN Equity,0.0195,0.0214
TDG,2017-05-09,TDG UN Equity,3.2504,3.0899
TDS,2017-08-04,TDS UN Equity,0.1125,0.1135
TDY,2017-05-04,TDY UN Equity,1.74,1.659
TEAM,2017-07-27,TEAM UW Equity,-0.0916,-0.0916
TECH,2017-08-08,TECH UW Equity,0.7874,0.9337
TER,2017-04-26,TER UW Equity,0.9,0.8822
TEX,2017-08-01,TEX UN Equity,0.51,0.5183
TFSL,2017-07-27,TFSL UW Equity,0.08,0.08
TFX,2017-05-04,TFX UN Equity,2.04,1.7373
TGT,2017-05-17,TGT UN Equity,1.23,1.2288
THG,2017-08-02,THG UN Equity,1.69,1.7545
THO,2017-06-05,THO UN Equity,2.262,2.2721
THS,2017-08-03,THS UN Equity,0.51,0.5475
TIF,2017-05-24,TIF UN Equity,0.9193,0.92
TJX,2017-05-16,TJX UN Equity,0.4265,0.4337
TKR,2017-07-26,TKR UN Equity,0.68,1.0708
TMK,2017-07-26,TMK UN Equity,1.19,1.2196
TMO,2017-04-26,TMO UN Equity,2.3,1.625
TMUS,2017-07-19,TMUS UW Equity,0.6506,0.6816
TOL,2017-05-23,TOL UN Equity,0.875,0.9183
TPR,2017-05-02,TPR UN Equity,0.5,0.5034
TPX,2017-07-27,TPX UN Equity,0.45,0.4389
TRCO,2017-08-09,TRCO UN Equity,0.36,0.3653
TRGP,2017-08-03,TRGP UN Equity,0.2302,0.2071
TRIP,2017-08-08,TRIP UW Equity,0.1915,0.19
TRMB,2017-08-02,TRMB UW Equity,0.2122,0.2424
TRN,2017-07-25,TRN UN Equity,0.33,0.1492
TROW,2017-07-25,TROW UW Equity,1.3371,1.52
TRU,2017-07-25,TRU UN Equity,0.3602,0.3712
TRV,2017-07-20,TRV UN Equity,1.92,1.9387
TSCO,2017-04-26,TSCO UW Equity,1.248,1.2533
TSLA,2017-08-02,TSLA UW Equity,-2.0362,-1.9872
TSN,2017-05-08,TSN UN Equity,1.28,1.2918
TSRO,2017-08-08,TSRO UW Equity,-2.7326,-2.7326
TSS,2017-07-25,TSS UN Equity,0.635,0.6518
TTC,2017-05-25,TTC UN Equity,0.6137,0.63
TTWO,2017-08-02,TTWO UW Equity,0.5416,0.6237
TWLO,2017-08-07,TWLO UN Equity,-0.2006,-0.2109
TWO,2017-08-07,TWO UN Equity,0.5379,1.0241
TWOU,2017-08-07,TWOU UW Equity,-0.2325,-0.25
TWTR,2017-07-27,TWTR UN Equity,-0.1108,-0.0968
TXN,2017-07-25,TXN UW Equity,1.0929,1.0778
TXT,2017-04-19,TXT UN Equity,0.6,0.6288
TYL,2017-07-26,TYL UN Equity,0.8086,0.8561
UAA,2017-08-01,UAA UN Equity,-0.0279,-0.0231
UAL,2017-07-18,UAL UW Equity,2.75,2.7661
UBNT,2017-08-03,UBNT UW Equity,0.7408,0.76
UDR,2017-07-26,UDR UN Equity,0.0582,0.039
UFS,2017-07-28,UFS UN Equity,0.61,0.61
UGI,2017-08-02,UGI UN Equity,0.09,0.0955
UHAL,2017-08-09,UHAL UW Equity,6.44,6.2084
UHS,2017-07-25,UHS UN Equity,1.94,1.93
ULTA,2017-05-25,ULTA UW Equity,1.838,1.8512
ULTI,2017-08-01,ULTI UW Equity,0.1633,0.15
UMPQ,2017-07-19,UMPQ UW Equity,0.2665,0.2925
UNH,2017-07-18,UNH UN Equity,2.46,2.37
UNIT,2017-08-03,UNIT UW Equity,-0.11,-0.11
UNM,2017-07-27,UNM UN Equity,1.05,1.0569
UNP,2017-07-20,UNP UN Equity,1.447,1.4437
UNVR,2017-08-04,UNVR UN Equity,0.3094,0.3318
UPS,2017-07-27,UPS UN Equity,1.5799,1.59
URBN,2017-05-16,URBN UW Equity,0.4513,0.4487
URI,2017-07-19,URI UN Equity,2.37,2.1386
USB,2017-07-19,USB UN Equity,0.85,0.85
USFD,2017-05-09,USFD UN Equity,0.37,0.3643
USG,2017-07-26,USG UN Equity,0.44,0.4428
USM,2017-08-04,USM UN Equity,0.1622,0.1641
UTHR,2017-07-27,UTHR UW Equity,2.4237,4.4387
UTX,2017-07-25,UTX UN Equity,1.85,1.8745
V,2017-07-20,V UN Equity,0.86,0.9809
VAR,2017-07-26,VAR UN Equity,1.04,0.7994
VC,2017-07-27,VC UW Equity,1.38,1.5524
VEEV,2017-05-25,VEEV UN Equity,0.2466,0.2756
VER,2017-08-03,VER UN Equity,0.0249,0.0089
VFC,2017-04-28,VFC UN Equity,0.29,0.2938
VIA,2017-08-03,VIA UW Equity,1.17,1.1716
VIAB,2017-08-03,VIAB UW Equity,1.17,1.1716
VIRT,2017-08-08,VIRT UW Equity,0.13,0.0764
VLO,2017-07-27,VLO UN Equity,1.23,1.23
VMC,2017-08-02,VMC UN Equity,0.9,0.8303
VMI,2017-04-19,VMI UN Equity,2.01,2.03
VMW,2017-06-01,VMW UN Equity,0.817,1.1141
VNO,2017-07-31,VNO UN Equity,0.61,0.52
VRSK,2017-08-01,VRSK UW Equity,0.82,0.73
VRSN,2017-07-27,VRSN UW Equity,0.9358,1.2162
VRTX,2017-07-26,VRTX UW Equity,0.0806,0.0734
VSM,2017-08-01,VSM UN Equity,0.52,0.5107
VST,2017-08-04,VST UN Equity,0.0623,0.1006
VTR,2017-07-28,VTR UN Equity,0.4419,0.4428
VVC,2017-08-03,VVC UN Equity,0.453,0.45
VVV,2017-08-01,VVV UN Equity,0.34,0.3382
VZ,2017-07-27,VZ UN Equity,0.96,0.9062
W,2017-08-08,W UN Equity,-0.4483,-0.3812
WAB,2017-07-25,WAB UN Equity,0.8023,0.8032
WAL,2017-07-20,WAL UN Equity,0.7613,0.7691
WAT,2017-04-25,WAT UN Equity,1.76,1.7628
WBA,2017-06-29,WBA UW Equity,1.33,1.189
WBC,2017-07-20,WBC UN Equity,1.69,1.7015
WBS,2017-07-21,WBS UN Equity,0.6431,0.6461
WBT,2017-08-09,WBT UN Equity,0.22,0.2215
WCC,2017-07-27,WCC UN Equity,1.0143,1.03
WCG,2017-08-04,WCG UN Equity,2.52,2.4672
WDAY,2017-06-01,WDAY UW Equity,-0.3505,-0.4003
WDC,2017-07-27,WDC UW Equity,1.2887,1.1637
WEC,2017-07-26,WEC UN Equity,0.6273,0.63
WELL,2017-07-28,WELL UN Equity,0.4754,0.4533
WEN,2017-05-10,WEN UW Equity,0.15,0.1498
WEX,2017-07-27,WEX UN Equity,0.5562,0.7003
WFC,2017-07-14,WFC UN Equity,1.0479,1.09
WFT,2017-07-28,WFT UN Equity,-0.28,-0.1559
WHR,2017-07-26,WHR UN Equity,3.35,3.4034
WLK,2017-08-03,WLK UN Equity,1.2103,1.2259
WLL,2017-07-26,WLL UN Equity,-0.72,-0.6972
WLTW,2017-08-03,WLTW UW Equity,1.45,0.7058
WM,2017-07-26,WM UN Equity,0.8219,0.8265
WMB,2017-08-02,WMB UN Equity,0.13,0.131
WMT,2017-05-18,WMT UN Equity,1.08,1.0843
WP,2017-08-09,WP UN Equity,0.2955,0.2978
WPC,2017-08-04,WPC UN Equity,0.6362,0.6369
WPX,2017-08-02,WPX UN Equity,-0.14,-0.1357
WRB,2017-07-25,WRB UN Equity,0.6784,1.1156
WRI,2017-07-27,WRI UN Equity,0.2468,0.2477
WRK,2017-08-03,WRK UN Equity,0.74,0.7533
WSM,2017-05-24,WSM UN Equity,0.61,0.6147
WSO,2017-07-25,WSO UN Equity,2.0658,2.07
WST,2017-07-27,WST UN Equity,0.66,0.6788
WTFC,2017-07-18,WTFC UW Equity,1.1106,1.1476
WTR,2017-08-02,WTR UN Equity,0.3424,0.3466
WU,2017-08-03,WU UN Equity,0.5,0.5055
WY,2017-07-28,WY UN Equity,0.28,0.2843
WYND,2017-08-02,WYND UN Equity,1.53,0.9171
WYNN,2017-07-25,WYNN UW Equity,1.18,1.0785
X,2017-07-25,X UN Equity,1.07,1.086
XEC,2017-08-08,XEC UN Equity,1.06,1.0638
XEL,2017-07-27,XEL UW Equity,0.4464,0.45
XLNX,2017-04-26,XLNX UW Equity,0.63,0.6331
XOG,2017-08-09,XOG UW Equity,-0.0866,-0.1101
XOM,2017-07-28,XOM UN Equity,0.7844,0.78
XPO,2017-08-02,XPO UN Equity,0.6,0.7013
XRAY,2017-08-09,XRAY UW Equity,0.65,0.7312
XRX,2017-08-01,XRX UN Equity,0.87,0.7541
XYL,2017-08-01,XYL UN Equity,0.59,0.6069
Y,2017-08-03,Y UN Equity,6.37,6.3702
YUM,2017-08-03,YUM UN Equity,0.68,0.6486
YUMC,2017-07-05,YUMC UN Equity,0.27,0.3532
ZAYO,2017-08-21,ZAYO UN Equity,0.1011,0.1396
ZBH,2017-07-27,ZBH UN Equity,2.08,1.6163
ZBRA,2017-05-09,ZBRA UW Equity,0.5647,0.6154
ZEN,2017-08-03,ZEN UN Equity,-0.2856,-0.2551
ZG,2017-08-08,ZG UW Equity,-0.1141,-0.114
ZION,2017-07-25,ZION UW Equity,0.73,0.7663
ZNGA,2017-08-02,ZNGA UW Equity,0.0041,0.0062
ZTS,2017-05-04,ZTS UN Equity,0.53,0.5318