Ticker,Date,Name,Estimate,Actual
A ,2017-05-22,Agilent Technologies Inc,0.484000 ,0.580000 
AA ,2017-07-19,Alcoa Corp,0.581000 ,0.620000 
AAL ,2017-07-28,American Airlines Group Inc,1.872000 ,1.920000 
AAP ,2017-08-15,Advance Auto Parts Inc,1.659000 ,1.580000 
AAPL ,2017-05-02,Apple Inc,2.022000 ,2.100000 
ABBV ,2017-07-28,AbbVie Inc,1.399000 ,1.420000 
ABC ,2017-05-04,AmerisourceBergen Corp,1.679000 ,1.770000 
ABT ,2017-07-20,Abbott Laboratories,0.605000 ,0.620000 
ACC ,2017-07-24,American Campus Communities In,0.538000 ,0.530000 
ACGL ,2017-07-26,Arch Capital Group Ltd,0.391000 ,0.400000 
ACHC ,2017-07-27,Acadia Healthcare Co Inc,0.648000 ,0.660000 
ACM ,2017-05-09,AECOM,0.608000 ,0.890000 
ACN ,2017-03-23,Accenture PLC,1.299000 ,1.330000 
ADBE ,2017-06-20,Adobe Inc,0.946000 ,1.020000 
ADI ,2017-05-31,Analog Devices Inc,0.844000 ,1.030000 
ADM ,2017-08-01,Archer-Daniels-Midland Co,0.516000 ,0.570000 
ADNT ,2017-04-28,Adient PLC,2.408000 ,2.500000 
ADS ,2017-07-20,Alliance Data Systems Corp,3.728000 ,3.840000 
AEE ,2017-08-04,Ameren Corp,0.710000 ,0.800000 
AEP ,2017-07-27,American Electric Power Co Inc,0.816000 ,0.750000 
AES ,2017-08-08,AES Corp/VA,0.208000 ,0.250000 
AFG ,2017-08-01,American Financial Group Inc/O,1.310000 ,1.610000 
AFL ,2017-07-27,Aflac Inc,0.821000 ,0.920000 
AGCO ,2017-07-27,AGCO Corp,1.039000 ,1.150000 
AGIO ,2017-08-08,Agios Pharmaceuticals Inc,-1.558000 ,-1.780000 
AGN ,2017-08-03,Allergan PLC,3.919000 ,4.020000 
AGNC ,2017-07-26,AGNC Investment Corp,0.606000 ,0.670000 
AGO ,2017-08-02,Assured Guaranty Ltd,0.765000 ,1.160000 
AGR ,2017-07-19,Avangrid Inc,0.398000 ,0.460000 
AHL ,2017-07-26,Aspen Insurance Holdings Ltd,0.950000 ,0.470000 
AIG ,2017-08-02,American International Group I,1.196000 ,1.530000 
AIV ,2017-07-27,Apartment Investment & Managem,0.591000 ,0.610000 
AIZ ,2017-08-01,Assurant Inc,1.598000 ,1.630000 
AJG ,2017-07-27,Arthur J Gallagher & Co,1.029000 ,1.030000 
AKAM ,2017-07-25,Akamai Technologies Inc,0.604000 ,0.620000 
AL ,2017-08-03,Air Lease Corp,0.855000 ,0.920000 
ALB ,2017-08-07,Albemarle Corp,1.103000 ,1.130000 
ALGN ,2017-07-27,Align Technology Inc,0.728000 ,0.850000 
ALK ,2017-07-26,Alaska Air Group Inc,2.518000 ,2.510000 
ALKS ,2017-07-27,Alkermes PLC,-0.006000 ,0.010000 
ALL ,2017-08-01,Allstate Corp/The,0.869000 ,1.380000 
ALLE ,2017-07-27,Allegion PLC,1.002000 ,1.110000 
ALLY ,2017-07-27,Ally Financial Inc,0.524000 ,0.580000 
ALNY ,2017-08-09,Alnylam Pharmaceuticals Inc,-1.139000 ,-1.340000 
ALSN ,2017-07-31,Allison Transmission Holdings,0.481000 ,0.630000 
ALXN ,2017-07-27,Alexion Pharmaceuticals Inc,1.255000 ,1.560000 
AMAT ,2017-05-18,Applied Materials Inc,0.765000 ,0.790000 
AMCX ,2017-08-03,AMC Networks Inc,1.389000 ,1.880000 
AMD ,2017-07-25,Advanced Micro Devices Inc,0.001000 ,0.020000 
AME ,2017-08-02,AMETEK Inc,0.623000 ,0.650000 
AMG ,2017-07-31,Affiliated Managers Group Inc,3.241000 ,3.330000 
AMGN ,2017-07-25,Amgen Inc,3.108000 ,3.270000 
AMH ,2017-08-03,American Homes 4 Rent,0.260000 ,0.260000 
AMP ,2017-07-25,Ameriprise Financial Inc,2.624000 ,2.800000 
AMT ,2017-07-27,American Tower Corp,1.507000 ,1.580000 
AMTD ,2017-04-19,TD Ameritrade Holding Corp,0.407000 ,0.400000 
AMZN ,2017-07-27,Amazon.com Inc,1.424000 ,0.400000 
AN ,2017-08-02,AutoNation Inc,0.972000 ,0.860000 
ANAT ,2017-07-31,American National Insurance Co,,0.780000 
ANET ,2017-08-03,Arista Networks Inc,0.948000 ,1.340000 
ANSS ,2017-08-02,ANSYS Inc,0.914000 ,0.990000 
ANTM ,2017-07-26,Anthem Inc,3.233000 ,3.370000 
AON ,2017-08-04,Aon PLC,1.446000 ,1.530000 
AOS ,2017-07-26,AO Smith Corp,0.528000 ,0.530000 
APA ,2017-08-03,Apache Corp,-0.021000 ,-0.210000 
APC ,2017-07-24,Anadarko Petroleum Corp,-0.332000 ,-0.770000 
APD ,2017-04-27,Air Products & Chemicals Inc,1.378000 ,1.430000 
APH ,2017-07-26,Amphenol Corp,0.721000 ,0.810000 
APLE ,2017-08-07,Apple Hospitality REIT Inc,0.520000 ,0.510000 
APTV ,2017-08-02,Aptiv PLC,,1.710000 
AR ,2017-08-02,Antero Resources Corp,0.029000 ,-0.040000 
ARD ,2017-07-27,Ardagh Group SA,0.503000 ,0.540000 
ARE ,2017-07-31,Alexandria Real Estate Equitie,1.490000 ,1.500000 
ARMK ,2017-05-09,Aramark,0.426000 ,0.450000 
ARNC ,2017-07-24,Arconic Inc,0.270000 ,0.320000 
ARRS ,2017-08-02,ARRIS International PLC,0.573000 ,0.630000 
ARW ,2017-08-03,Arrow Electronics Inc,1.772000 ,1.780000 
ASB ,2017-07-20,Associated Banc-Corp,0.359000 ,0.360000 
ASH ,2017-04-25,Ashland Global Holdings Inc,1.611000 ,1.710000 
ATH ,2017-08-09,Athene Holding Ltd,1.077000 ,1.430000 
ATHN ,2017-07-20,athenahealth Inc,0.392000 ,0.510000 
ATO ,2017-05-03,Atmos Energy Corp,1.425000 ,1.550000 
ATR ,2017-07-27,AptarGroup Inc,0.958000 ,1.010000 
ATVI ,2017-08-03,Activision Blizzard Inc,0.304000 ,0.430000 
AVB ,2017-08-02,AvalonBay Communities Inc,2.098000 ,2.090000 
AVGO ,2017-06-01,Broadcom Inc,3.501000 ,3.690000 
AVY ,2017-07-25,Avery Dennison Corp,1.209000 ,1.310000 
AWI ,2017-07-31,Armstrong World Industries Inc,0.666000 ,0.730000 
AWK ,2017-08-02,American Water Works Co Inc,0.792000 ,0.730000 
AXP ,2017-07-19,American Express Co,1.439000 ,1.470000 
AXS ,2017-07-26,Axis Capital Holdings Ltd,1.193000 ,1.310000 
AXTA ,2017-08-03,Axalta Coating Systems Ltd,0.389000 ,0.310000 
AYI ,2017-04-04,Acuity Brands Inc,1.834000 ,1.770000 
BA ,2017-07-26,Boeing Co/The,2.299000 ,2.550000 
BAC ,2017-07-18,Bank of America Corp,0.433000 ,0.480000 
BAX ,2017-07-26,Baxter International Inc,0.567000 ,0.630000 
BBT ,2017-07-20,BB&T Corp,0.768000 ,0.780000 
BC ,2017-07-27,Brunswick Corp/DE,1.334000 ,1.350000 
BDN ,2017-07-20,Brandywine Realty Trust,0.333000 ,0.320000 
BDX ,2017-05-02,Becton Dickinson and Co,2.233000 ,2.300000 
BEN ,2017-04-28,Franklin Resources Inc,0.672000 ,0.740000 
BERY ,2017-05-03,Berry Global Group Inc,0.651000 ,0.790000 
BFAM ,2017-08-01,Bright Horizons Family Solutio,0.717000 ,0.740000 
BG ,2017-08-02,Bunge Ltd,0.131000 ,0.170000 
BGCP ,2017-07-26,BGC Partners Inc,0.240000 ,0.240000 
BHF ,2017-07-25,Brighthouse Financial Inc,2.614000 ,
BHGE ,2017-07-28,Baker Hughes a GE Co,-0.111000 ,-0.110000 
BIIB ,2017-07-25,Biogen Inc,4.402000 ,5.040000 
BIO ,2017-08-03,Bio-Rad Laboratories Inc,0.560000 ,0.390000 
BK ,2017-07-20,Bank of New York Mellon Corp/T,0.843000 ,0.930000 
BKNG ,2017-08-08,Booking Holdings Inc,14.193000 ,15.140000 
BKU ,2017-07-26,BankUnited Inc,0.560000 ,0.600000 
BLK ,2017-07-17,BlackRock Inc,5.382000 ,5.240000 
BLL ,2017-08-03,Ball Corp,0.549000 ,0.530000 
BLUE ,2017-08-02,Bluebird Bio Inc,-1.646000 ,-1.730000 
BMRN ,2017-08-02,BioMarin Pharmaceutical Inc,-0.212000 ,-0.210000 
BMS ,2017-07-27,Bemis Co Inc,0.553000 ,0.480000 
BMY ,2017-07-27,Bristol-Myers Squibb Co,0.737000 ,0.740000 
BOH ,2017-07-24,Bank of Hawaii Corp,1.028000 ,1.050000 
BOKF ,2017-07-26,BOK Financial Corp,1.300000 ,1.360000 
BPOP ,2017-07-26,Popular Inc,0.915000 ,0.940000 
BPR ,2017-08-02,Brookfield Property REIT Inc,,0.350000 
BRK/A ,2017-08-04,Berkshire Hathaway Inc,2791.043000 ,2505.000000 
BRKR ,2017-08-03,Bruker Corp,0.203000 ,0.230000 
BRO ,2017-07-17,Brown & Brown Inc,0.238000 ,0.250000 
BRX ,2017-07-31,Brixmor Property Group Inc,0.514000 ,0.530000 
BSX ,2017-07-27,Boston Scientific Corp,0.311000 ,0.320000 
BWA ,2017-07-27,BorgWarner Inc,0.893000 ,0.960000 
BWXT ,2017-08-07,BWX Technologies Inc,0.474000 ,0.560000 
BXP ,2017-08-01,Boston Properties Inc,1.613000 ,1.670000 
C ,2017-07-14,Citigroup Inc,1.208000 ,1.280000 
CABO ,2017-08-08,Cable One Inc,5.456000 ,5.540000 
CACC ,2017-07-31,Credit Acceptance Corp,4.661000 ,5.220000 
CAT ,2017-07-25,Caterpillar Inc,1.248000 ,1.490000 
CB ,2017-07-25,Chubb Ltd,2.463000 ,2.500000 
CBOE ,2017-08-04,Cboe Global Markets Inc,0.857000 ,0.870000 
CBRE ,2017-07-27,CBRE Group Inc,0.531000 ,0.650000 
CBS ,2017-08-07,CBS Corp,0.957000 ,0.970000 
CBSH ,2017-07-13,Commerce Bancshares Inc/MO,0.632000 ,0.680000 
CBT ,2017-05-01,Cabot Corp,0.854000 ,0.870000 
CC ,2017-08-02,Chemours Co/The,0.849000 ,0.870000 
CCI ,2017-07-19,Crown Castle International Cor,1.097000 ,1.110000 
CCK ,2017-07-19,Crown Holdings Inc,1.098000 ,1.120000 
CCL ,2017-06-22,Carnival Corp,0.474000 ,0.520000 
CDEV ,2017-08-07,Centennial Resource Developmen,0.014000 ,0.060000 
CDNS ,2017-07-24,Cadence Design Systems Inc,0.323000 ,0.340000 
CDW ,2017-08-03,CDW Corp/DE,1.028000 ,1.030000 
CE ,2017-07-24,Celanese Corp,1.756000 ,1.790000 
CELG ,2017-07-27,Celgene Corp,1.775000 ,1.820000 
CERN ,2017-07-27,Cerner Corp,0.613000 ,0.610000 
CF ,2017-08-02,CF Industries Holdings Inc,-0.040000 ,0.100000 
CFG ,2017-07-21,Citizens Financial Group Inc,0.594000 ,0.630000 
CFR ,2017-07-27,Cullen/Frost Bankers Inc,1.286000 ,1.280000 
CFX ,2017-07-28,Colfax Corp,0.431000 ,0.430000 
CGNX ,2017-07-31,Cognex Corp,0.269000 ,0.320000 
CHD ,2017-08-03,Church & Dwight Co Inc,0.388000 ,0.410000 
CHE ,2017-07-25,Chemed Corp,1.890000 ,2.150000 
CHH ,2017-08-02,Choice Hotels International In,0.768000 ,0.790000 
CHK ,2017-08-03,Chesapeake Energy Corp,0.144000 ,0.160000 
CHRW ,2017-07-19,CH Robinson Worldwide Inc,0.899000 ,0.780000 
CHTR ,2017-07-27,Charter Communications Inc,0.768000 ,0.520000 
CI ,2017-08-04,Cigna Corp,2.477000 ,2.910000 
CIM ,2017-08-02,Chimera Investment Corp,0.632000 ,0.600000 
CINF ,2017-08-02,Cincinnati Financial Corp,0.495000 ,0.640000 
CIT ,2017-07-25,CIT Group Inc,0.591000 ,0.680000 
CL ,2017-07-21,Colgate-Palmolive Co,0.721000 ,0.720000 
CLGX ,2017-07-25,CoreLogic Inc/United States,0.661000 ,0.720000 
CLH ,2017-08-02,Clean Harbors Inc,0.256000 ,0.240000 
CLNY ,2017-08-08,Colony Capital Inc,0.360000 ,0.220000 
CLR ,2017-08-08,Continental Resources Inc/OK,-0.007000 ,0.000000 
CMA ,2017-07-18,Comerica Inc,1.079000 ,1.150000 
CMCSA ,2017-07-27,Comcast Corp,0.485000 ,0.520000 
CMD ,2017-03-09,Cantel Medical Corp,0.497000 ,0.520000 
CME ,2017-08-01,CME Group Inc,1.205000 ,1.230000 
CMG ,2017-07-25,Chipotle Mexican Grill Inc,2.177000 ,2.320000 
CMI ,2017-08-01,Cummins Inc,2.577000 ,2.530000 
CMS ,2017-07-28,CMS Energy Corp,0.389000 ,0.330000 
CNA ,2017-07-31,CNA Financial Corp,0.756000 ,0.880000 
CNC ,2017-07-25,Centene Corp,1.325000 ,1.590000 
CNDT ,2017-08-09,Conduent Inc,0.159000 ,0.160000 
CNK ,2017-08-04,Cinemark Holdings Inc,0.460000 ,0.470000 
CNP ,2017-08-03,CenterPoint Energy Inc,0.219000 ,0.290000 
CNX ,2017-08-01,CNX Resources Corp,0.100000 ,0.170000 
COF ,2017-07-20,Capital One Financial Corp,1.898000 ,1.960000 
COG ,2017-07-27,Cabot Oil & Gas Corp,0.148000 ,0.140000 
COHR ,2017-05-09,Coherent Inc,2.445000 ,2.910000 
COLM ,2017-07-27,Columbia Sportswear Co,-0.205000 ,-0.130000 
COMM ,2017-08-03,CommScope Holding Co Inc,0.646000 ,0.600000 
CONE ,2017-08-02,CyrusOne Inc,0.738000 ,0.770000 
COO ,2017-06-01,Cooper Cos Inc/The,2.250000 ,2.500000 
COP ,2017-07-27,ConocoPhillips,-0.018000 ,0.140000 
COR ,2017-07-27,CoreSite Realty Corp,1.089000 ,1.100000 
COST ,2017-03-02,Costco Wholesale Corp,1.351000 ,1.170000 
CPA ,2017-08-09,Copa Holdings SA,1.443000 ,1.480000 
CPT ,2017-07-27,Camden Property Trust,1.132000 ,1.150000 
CR ,2017-07-24,Crane Co,1.172000 ,1.170000 
CRI ,2017-07-27,Carter's Inc,0.705000 ,0.790000 
CRL ,2017-08-09,Charles River Laboratories Int,1.217000 ,1.290000 
CSGP ,2017-07-26,CoStar Group Inc,0.626000 ,0.860000 
CSL ,2017-07-25,Carlisle Cos Inc,1.598000 ,1.580000 
CSX ,2017-07-18,CSX Corp,0.591000 ,0.640000 
CTL ,2017-08-02,CenturyLink Inc,0.489000 ,0.460000 
CTSH ,2017-08-03,Cognizant Technology Solutions,0.905000 ,0.930000 
CTXS ,2017-08-02,Citrix Systems Inc,0.996000 ,1.030000 
CUBE ,2017-07-27,CubeSmart,0.383000 ,0.390000 
CVS ,2017-08-08,CVS Health Corp,1.307000 ,1.330000 
CVX ,2017-07-28,Chevron Corp,0.873000 ,0.910000 
CW ,2017-07-26,Curtiss-Wright Corp,0.966000 ,1.130000 
CXO ,2017-08-02,Concho Resources Inc,0.428000 ,0.520000 
CXP ,2017-07-27,Columbia Property Trust Inc,0.275000 ,0.260000 
CY ,2017-07-27,Cypress Semiconductor Corp,0.163000 ,0.210000 
CZR ,2017-08-03,Caesars Entertainment Corp,0.235000 ,-3.330000 
D ,2017-08-02,Dominion Energy Inc,0.667000 ,0.670000 
DAL ,2017-07-13,Delta Air Lines Inc,1.655000 ,1.640000 
DATA ,2017-08-02,Tableau Software Inc,-0.050000 ,0.100000 
DCI ,2017-03-01,Donaldson Co Inc,0.314000 ,0.350000 
DE ,2017-05-19,Deere & Co,1.627000 ,2.150000 
DEI ,2017-08-01,Douglas Emmett Inc,0.480000 ,0.470000 
DFS ,2017-07-26,Discover Financial Services,1.443000 ,1.400000 
DGX ,2017-07-25,Quest Diagnostics Inc,1.416000 ,1.550000 
DHI ,2017-04-20,DR Horton Inc,0.591000 ,0.600000 
DHR ,2017-07-20,Danaher Corp,0.969000 ,0.990000 
DIS ,2017-05-09,Walt Disney Co/The,1.411000 ,1.500000 
DISCA ,2017-07-31,Discovery Inc,0.721000 ,0.680000 
DISH ,2017-08-03,DISH Network Corp,0.745000 ,0.500000 
DLB ,2017-04-26,Dolby Laboratories Inc,0.500000 ,0.490000 
DLR ,2017-07-27,Digital Realty Trust Inc,1.474000 ,1.540000 
DNB ,2017-08-02,Dun & Bradstreet Corp/The,1.164000 ,1.400000 
DNKN ,2017-07-27,Dunkin' Brands Group Inc,0.623000 ,0.640000 
DOV ,2017-07-20,Dover Corp,1.007000 ,1.040000 
DOX ,2017-05-09,Amdocs Ltd,0.936000 ,0.940000 
DPZ ,2017-07-25,Domino's Pizza Inc,1.231000 ,1.320000 
DRE ,2017-07-26,Duke Realty Corp,0.306000 ,0.320000 
DTE ,2017-07-26,DTE Energy Co,0.999000 ,1.070000 
DUK ,2017-08-03,Duke Energy Corp,1.014000 ,1.010000 
DVA ,2017-08-01,DaVita Inc,0.902000 ,0.920000 
DVN ,2017-08-01,Devon Energy Corp,0.327000 ,0.340000 
DXCM ,2017-08-01,DexCom Inc,-0.217000 ,-0.160000 
EAF ,2017-08-02,GrafTech International Ltd,,
EBAY ,2017-07-20,eBay Inc,0.446000 ,0.450000 
ECL ,2017-08-01,Ecolab Inc,1.125000 ,1.130000 
ED ,2017-08-03,Consolidated Edison Inc,0.620000 ,0.580000 
EEFT ,2017-07-25,Euronet Worldwide Inc,1.067000 ,1.090000 
EFX ,2017-07-26,Equifax Inc,1.570000 ,1.600000 
EHC ,2017-07-31,Encompass Health Corp,0.675000 ,0.710000 
EIX ,2017-07-27,Edison International,0.915000 ,0.850000 
ELS ,2017-07-17,Equity LifeStyle Properties In,0.810000 ,0.810000 
EMN ,2017-07-27,Eastman Chemical Co,1.905000 ,1.980000 
EMR ,2017-05-02,Emerson Electric Co,0.581000 ,0.580000 
ENR ,2017-05-03,Energizer Holdings Inc,0.339000 ,0.500000 
EOG ,2017-08-01,EOG Resources Inc,0.121000 ,0.080000 
EPAM ,2017-08-03,EPAM Systems Inc,0.813000 ,0.800000 
EPR ,2017-08-03,EPR Properties,1.255000 ,1.150000 
EQC ,2017-07-24,Equity Commonwealth,0.263000 ,0.220000 
EQIX ,2017-08-02,Equinix Inc,3.161000 ,2.800000 
EQR ,2017-07-25,Equity Residential,0.771000 ,0.770000 
EQT ,2017-07-27,EQT Corp,0.065000 ,0.060000 
ERIE ,2017-07-27,Erie Indemnity Co,1.210000 ,1.120000 
ES ,2017-07-27,Eversource Energy,0.682000 ,0.720000 
ESRT ,2017-07-26,Empire State Realty Trust Inc,0.241000 ,0.250000 
ESRX ,2017-07-25,Express Scripts Holding Co,1.714000 ,1.730000 
ESS ,2017-07-27,Essex Property Trust Inc,2.916000 ,2.970000 
ETFC ,2017-07-20,E*TRADE Financial Corp,0.481000 ,0.520000 
ETN ,2017-08-01,Eaton Corp PLC,1.157000 ,1.150000 
ETR ,2017-08-02,Entergy Corp,1.184000 ,3.110000 
EV ,2017-05-24,Eaton Vance Corp,0.591000 ,0.620000 
EVR ,2017-07-27,Evercore Inc,0.843000 ,1.060000 
EVRG ,2017-08-09,Evergy Inc,0.500000 ,
EW ,2017-07-26,Edwards Lifesciences Corp,0.881000 ,1.080000 
EWBC ,2017-07-20,East West Bancorp Inc,0.802000 ,0.810000 
EXAS ,2017-07-25,Exact Sciences Corp,-0.351000 ,-0.270000 
EXC ,2017-08-02,Exelon Corp,0.524000 ,0.540000 
EXEL ,2017-08-02,Exelixis Inc,0.037000 ,0.070000 
EXPD ,2017-08-08,Expeditors International of Wa,0.591000 ,0.600000 
EXPE ,2017-07-27,Expedia Group Inc,0.920000 ,0.890000 
EXR ,2017-08-01,Extra Space Storage Inc,1.046000 ,1.090000 
F ,2017-07-26,Ford Motor Co,0.430000 ,0.560000 
FAF ,2017-07-27,First American Financial Corp,0.930000 ,1.090000 
FANG ,2017-08-01,Diamondback Energy Inc,0.946000 ,1.400000 
FAST ,2017-07-12,Fastenal Co,0.497000 ,0.520000 
FB ,2017-07-26,Facebook Inc,1.131000 ,1.320000 
FBHS ,2017-08-02,Fortune Brands Home & Security,0.872000 ,0.920000 
FCE/A ,2017-08-03,Forest City Realty Trust Inc,0.375000 ,0.390000 
FCNCA ,2017-07-26,First Citizens BancShares Inc/,,4.940000 
FCX ,2017-07-25,Freeport-McMoRan Inc,0.202000 ,0.170000 
FDC ,2017-08-07,First Data Corp,0.399000 ,0.400000 
FDS ,2017-03-28,FactSet Research Systems Inc,1.797000 ,1.810000 
FE ,2017-07-27,FirstEnergy Corp,0.597000 ,0.610000 
FEYE ,2017-08-01,FireEye Inc,-0.116000 ,-0.040000 
FFIV ,2017-04-26,F5 Networks Inc,1.971000 ,1.950000 
FHB ,2017-07-27,First Hawaiian Inc,0.406000 ,0.410000 
FHN ,2017-07-14,First Horizon National Corp,0.262000 ,0.270000 
FICO ,2017-04-27,Fair Isaac Corp,1.127000 ,1.050000 
FIS ,2017-08-02,Fidelity National Information,0.972000 ,1.020000 
FISV ,2017-08-01,Fiserv Inc,0.618000 ,0.600000 
FITB ,2017-07-21,Fifth Third Bancorp,0.425000 ,0.460000 
FLIR ,2017-07-26,FLIR Systems Inc,0.416000 ,0.420000 
FLO ,2017-08-09,Flowers Foods Inc,0.230000 ,0.240000 
FLR ,2017-08-03,Fluor Corp,0.601000 ,-0.170000 
FLS ,2017-07-27,Flowserve Corp,0.430000 ,0.220000 
FLT ,2017-08-03,FleetCor Technologies Inc,1.965000 ,1.990000 
FMC ,2017-08-01,FMC Corp,0.474000 ,0.480000 
FNB ,2017-07-20,FNB Corp/PA,0.230000 ,0.230000 
FND ,2017-07-27,Floor & Decor Holdings Inc,0.193000 ,0.200000 
FNF ,2017-07-19,Fidelity National Financial In,0.720000 ,0.750000 
FRC ,2017-07-14,First Republic Bank/CA,1.086000 ,1.060000 
FRT ,2017-08-02,Federal Realty Investment Trus,1.458000 ,1.490000 
FSLR ,2017-07-27,First Solar Inc,0.035000 ,0.640000 
FTNT ,2017-07-26,Fortinet Inc,0.198000 ,0.270000 
FTV ,2017-07-27,Fortive Corp,0.694000 ,0.710000 
FWONA ,2017-08-09,Liberty Media Corp-Liberty For,-0.025000 ,0.110000 
G ,2017-08-02,Genpact Ltd,0.355000 ,0.430000 
GD ,2017-07-26,General Dynamics Corp,2.422000 ,2.450000 
GDDY ,2017-08-08,GoDaddy Inc,0.328000 ,0.170000 
GDI ,2017-08-02,Gardner Denver Holdings Inc,0.217000 ,0.240000 
GE ,2017-07-21,General Electric Co,0.251000 ,0.280000 
GGG ,2017-07-26,Graco Inc,0.355000 ,0.460000 
GHC ,2017-08-02,Graham Holdings Co,,8.510000 
GILD ,2017-07-26,Gilead Sciences Inc,2.141000 ,2.560000 
GLIBA ,2017-08-02,GCI Liberty Inc,,0.480000 
GLPI ,2017-07-27,Gaming and Leisure Properties,0.573000 ,0.570000 
GLW ,2017-07-26,Corning Inc,0.403000 ,0.420000 
GM ,2017-07-25,General Motors Co,1.696000 ,1.890000 
GNTX ,2017-07-21,Gentex Corp,0.317000 ,0.310000 
GOOGL ,2017-07-24,Alphabet Inc,4.450000 ,5.010000 
GPC ,2017-07-20,Genuine Parts Co,1.313000 ,1.290000 
GPK ,2017-07-25,Graphic Packaging Holding Co,0.146000 ,0.150000 
GPN ,2017-08-03,Global Payments Inc,0.920000 ,0.940000 
GRA ,2017-07-27,WR Grace & Co,0.798000 ,0.840000 
GRMN ,2017-08-02,Garmin Ltd,0.809000 ,0.880000 
GRUB ,2017-08-03,GrubHub Inc,0.257000 ,0.260000 
GS ,2017-07-18,Goldman Sachs Group Inc/The,3.427000 ,3.950000 
GT ,2017-07-28,Goodyear Tire & Rubber Co/The,0.710000 ,0.700000 
GWR ,2017-08-01,Genesee & Wyoming Inc,0.726000 ,0.800000 
GWRE ,2017-03-02,Guidewire Software Inc,0.142000 ,0.280000 
GWW ,2017-07-19,WW Grainger Inc,2.646000 ,2.740000 
H ,2017-08-03,Hyatt Hotels Corp,0.349000 ,0.520000 
HAIN ,2017-06-22,Hain Celestial Group Inc/The,0.566000 ,0.280000 
HAL ,2017-07-24,Halliburton Co,0.180000 ,0.230000 
HAS ,2017-07-24,Hasbro Inc,0.454000 ,0.530000 
HBAN ,2017-07-21,Huntington Bancshares Inc/OH,0.232000 ,0.260000 
HBI ,2017-08-01,Hanesbrands Inc,0.529000 ,0.530000 
HCA ,2017-07-25,HCA Healthcare Inc,1.803000 ,1.750000 
HCP ,2017-08-01,HCP Inc,0.468000 ,0.480000 
HE ,2017-08-03,Hawaiian Electric Industries I,0.393000 ,0.360000 
HEI ,2017-05-23,HEICO Corp,0.323000 ,0.340000 
HES ,2017-07-26,Hess Corp,-1.295000 ,-1.460000 
HFC ,2017-08-02,HollyFrontier Corp,0.469000 ,0.660000 
HGV ,2017-08-02,Hilton Grand Vacations Inc,0.453000 ,0.510000 
HHC ,2017-08-07,Howard Hughes Corp/The,0.777000 ,0.070000 
HIG ,2017-07-27,Hartford Financial Services Gr,0.943000 ,1.040000 
HII ,2017-08-03,Huntington Ingalls Industries,2.667000 ,3.210000 
HIW ,2017-07-25,Highwoods Properties Inc,0.844000 ,0.900000 
HLF ,2017-08-01,Herbalife Nutrition Ltd,0.557000 ,0.760000 
HLT ,2017-07-26,Hilton Worldwide Holdings Inc,0.499000 ,0.520000 
HOG ,2017-07-18,Harley-Davidson Inc,1.383000 ,1.480000 
HOLX ,2017-05-10,Hologic Inc,0.461000 ,0.500000 
HON ,2017-07-21,Honeywell International Inc,1.778000 ,1.800000 
HP ,2017-04-27,Helmerich & Payne Inc,-0.407000 ,-0.470000 
HPE ,2017-05-31,Hewlett Packard Enterprise Co,0.352000 ,0.350000 
HPP ,2017-08-03,Hudson Pacific Properties Inc,0.470000 ,0.480000 
HPQ ,2017-05-24,HP Inc,0.389000 ,0.400000 
HPT ,2017-08-09,Hospitality Properties Trust,1.080000 ,1.060000 
HRC ,2017-04-28,Hill-Rom Holdings Inc,0.788000 ,0.880000 
HRL ,2017-05-25,Hormel Foods Corp,0.399000 ,0.390000 
HSIC ,2017-08-08,Henry Schein Inc,0.872000 ,0.880000 
HST ,2017-07-26,Host Hotels & Resorts Inc,0.466000 ,0.490000 
HSY ,2017-07-26,Hershey Co/The,0.896000 ,1.090000 
HTA ,2017-07-31,Healthcare Trust of America In,0.383000 ,0.390000 
HUBB ,2017-07-25,Hubbell Inc,1.403000 ,1.430000 
HUM ,2017-08-02,Humana Inc,3.068000 ,3.490000 
HUN ,2017-07-27,Huntsman Corp,0.649000 ,0.850000 
HXL ,2017-07-24,Hexcel Corp,0.689000 ,0.670000 
IAC ,2017-08-02,IAC/InterActiveCorp,0.652000 ,0.740000 
IART ,2017-07-26,Integra LifeSciences Holdings,0.447000 ,0.450000 
IBKR ,2017-07-18,Interactive Brokers Group Inc,0.370000 ,0.410000 
IBM ,2017-07-18,International Business Machine,2.744000 ,2.970000 
ICE ,2017-08-03,Intercontinental Exchange Inc,0.756000 ,0.750000 
ICUI ,2017-08-09,ICU Medical Inc,0.767000 ,0.760000 
IDXX ,2017-08-01,IDEXX Laboratories Inc,0.848000 ,0.950000 
IEX ,2017-07-25,IDEX Corp,1.060000 ,1.080000 
IFF ,2017-08-08,International Flavors & Fragra,1.449000 ,1.500000 
IGT ,2017-08-01,International Game Technology,0.343000 ,0.150000 
ILMN ,2017-08-01,Illumina Inc,0.688000 ,0.820000 
INCY ,2017-08-01,Incyte Corp,0.192000 ,0.030000 
INFO ,2017-06-27,IHS Markit Ltd,0.523000 ,0.520000 
INGR ,2017-08-01,Ingredion Inc,1.851000 ,1.890000 
INTC ,2017-07-27,Intel Corp,0.680000 ,0.720000 
INVH ,2017-08-10,Invitation Homes Inc,0.242000 ,0.250000 
IONS ,2017-08-08,Ionis Pharmaceuticals Inc,-0.028000 ,-0.090000 
IP ,2017-07-27,International Paper Co,0.647000 ,0.650000 
IPG ,2017-07-25,Interpublic Group of Cos Inc/T,0.343000 ,0.270000 
IPGP ,2017-08-01,IPG Photonics Corp,1.665000 ,1.930000 
IQV ,2017-08-03,IQVIA Holdings Inc,1.051000 ,1.090000 
IR ,2017-07-26,Ingersoll-Rand PLC,1.455000 ,1.500000 
IRM ,2017-07-28,Iron Mountain Inc,0.540000 ,0.550000 
ISRG ,2017-07-20,Intuitive Surgical Inc,1.928000 ,1.980000 
IT ,2017-08-08,Gartner Inc,0.851000 ,0.880000 
ITT ,2017-08-04,ITT Inc,0.628000 ,0.650000 
ITW ,2017-07-24,Illinois Tool Works Inc,1.636000 ,1.660000 
IVZ ,2017-07-27,Invesco Ltd,0.612000 ,0.640000 
JAZZ ,2017-08-08,Jazz Pharmaceuticals PLC,2.755000 ,2.560000 
JBGS ,2017-08-14,JBG SMITH Properties,,
JBHT ,2017-07-17,JB Hunt Transport Services Inc,0.913000 ,0.880000 
JBL ,2017-03-15,Jabil Inc,0.464000 ,0.480000 
JBLU ,2017-07-25,JetBlue Airways Corp,0.584000 ,0.640000 
JCI ,2017-04-27,Johnson Controls International,0.494000 ,0.500000 
JEC ,2017-05-09,Jacobs Engineering Group Inc,0.718000 ,0.780000 
JEF ,2017-07-27,Jefferies Financial Group Inc,0.300000 ,0.160000 
JLL ,2017-08-02,Jones Lang LaSalle Inc,1.617000 ,1.820000 
JNJ ,2017-07-18,Johnson & Johnson,1.790000 ,1.830000 
JNPR ,2017-07-25,Juniper Networks Inc,0.542000 ,0.570000 
JPM ,2017-07-14,JPMorgan Chase & Co,1.583000 ,1.710000 
K ,2017-08-03,Kellogg Co,0.920000 ,0.970000 
KAR ,2017-08-08,KAR Auction Services Inc,0.578000 ,0.650000 
KDP ,2017-07-27,Keurig Dr Pepper Inc,1.279000 ,1.250000 
KEX ,2017-07-26,Kirby Corp,0.476000 ,0.480000 
KEY ,2017-07-20,KeyCorp,0.337000 ,0.340000 
KEYS ,2017-06-06,Keysight Technologies Inc,0.568000 ,0.640000 
KHC ,2017-08-03,Kraft Heinz Co/The,0.949000 ,0.980000 
KIM ,2017-07-26,Kimco Realty Corp,0.378000 ,0.410000 
KMB ,2017-07-25,Kimberly-Clark Corp,1.491000 ,1.490000 
KMI ,2017-07-19,Kinder Morgan Inc/DE,0.147000 ,0.140000 
KNX ,2017-07-24,Knight-Swift Transportation Ho,0.283000 ,0.350000 
KO ,2017-07-26,Coca-Cola Co/The,0.575000 ,0.590000 
KOS ,2017-08-07,Kosmos Energy Ltd,-0.022000 ,-0.020000 
KRC ,2017-07-26,Kilroy Realty Corp,0.863000 ,0.870000 
KSU ,2017-07-21,Kansas City Southern,1.281000 ,1.330000 
L ,2017-07-31,Loews Corp,0.763000 ,0.750000 
LAMR ,2017-08-08,Lamar Advertising Co,,
LAZ ,2017-07-27,Lazard Ltd,0.794000 ,0.980000 
LBRDA ,2017-08-02,Liberty Broadband Corp,0.050000 ,0.000000 
LDOS ,2017-08-03,Leidos Holdings Inc,0.781000 ,1.040000 
LEA ,2017-07-26,Lear Corp,4.111000 ,4.390000 
LECO ,2017-07-25,Lincoln Electric Holdings Inc,0.938000 ,0.970000 
LEG ,2017-07-27,Leggett & Platt Inc,0.649000 ,0.640000 
LEN ,2017-06-20,Lennar Corp,0.768000 ,0.900000 
LFUS ,2017-08-02,Littelfuse Inc,2.085000 ,2.100000 
LH ,2017-07-26,Laboratory Corp of America Hol,2.406000 ,2.470000 
LII ,2017-07-24,Lennox International Inc,2.759000 ,2.830000 
LIN ,2017-07-27,Linde PLC,1.600000 ,
LKQ ,2017-07-27,LKQ Corp,0.519000 ,0.530000 
LLL ,2017-07-27,L3 Technologies Inc,2.028000 ,2.540000 
LLY ,2017-07-25,Eli Lilly & Co,1.049000 ,1.110000 
LMT ,2017-07-18,Lockheed Martin Corp,3.108000 ,3.230000 
LNC ,2017-08-02,Lincoln National Corp,1.748000 ,1.850000 
LNG ,2017-08-08,Cheniere Energy Inc,-0.017000 ,-1.080000 
LNT ,2017-08-03,Alliant Energy Corp,0.381000 ,0.410000 
LOGM ,2017-07-27,LogMeIn Inc,0.931000 ,1.010000 
LOPE ,2017-08-01,Grand Canyon Education Inc,0.683000 ,0.830000 
LPLA ,2017-07-27,LPL Financial Holdings Inc,0.649000 ,0.740000 
LPT ,2017-07-25,Liberty Property Trust,0.615000 ,0.650000 
LSI ,2017-08-02,Life Storage Inc,1.354000 ,1.330000 
LSTR ,2017-07-26,Landstar System Inc,0.886000 ,0.890000 
LSXMA ,2017-07-27,Liberty Media Corp-Liberty Sir,0.400000 ,0.360000 
LUV ,2017-07-27,Southwest Airlines Co,1.196000 ,1.240000 
LVS ,2017-07-26,Las Vegas Sands Corp,0.590000 ,0.730000 
LYB ,2017-07-28,LyondellBasell Industries NV,2.680000 ,2.820000 
LYV ,2017-08-09,Live Nation Entertainment Inc,0.190000 ,0.300000 
MA ,2017-07-27,Mastercard Inc,1.044000 ,1.100000 
MAA ,2017-07-26,Mid-America Apartment Communit,1.440000 ,1.480000 
MAC ,2017-08-02,Macerich Co/The,0.937000 ,0.980000 
MAN ,2017-07-24,ManpowerGroup Inc,1.741000 ,1.720000 
MANH ,2017-07-20,Manhattan Associates Inc,0.478000 ,0.500000 
MAR ,2017-08-07,Marriott International Inc/MD,1.020000 ,1.130000 
MAS ,2017-07-27,Masco Corp,0.596000 ,0.600000 
MASI ,2017-08-02,Masimo Corp,0.703000 ,0.830000 
MAT ,2017-07-27,Mattel Inc,-0.093000 ,-0.140000 
MCD ,2017-07-25,McDonald's Corp,1.617000 ,1.730000 
MCO ,2017-07-21,Moody's Corp,1.338000 ,1.510000 
MCY ,2017-07-31,Mercury General Corp,0.500000 ,0.680000 
MD ,2017-07-28,MEDNAX Inc,0.872000 ,0.850000 
MDLZ ,2017-08-02,Mondelez International Inc,0.457000 ,0.480000 
MDU ,2017-08-01,MDU Resources Group Inc,0.248000 ,0.220000 
MET ,2017-08-02,MetLife Inc,1.282000 ,1.300000 
MFA ,2017-08-02,MFA Financial Inc,0.180000 ,0.190000 
MGM ,2017-07-27,MGM Resorts International,0.301000 ,0.340000 
MHK ,2017-07-27,Mohawk Industries Inc,3.600000 ,3.720000 
MIC ,2017-08-02,Macquarie Infrastructure Corp,0.497000 ,0.320000 
MIDD ,2017-08-09,Middleby Corp/The,1.383000 ,1.390000 
MKC ,2017-06-29,McCormick & Co Inc/MD,0.762000 ,0.820000 
MKL ,2017-07-26,Markel Corp,6.403000 ,9.490000 
MKSI ,2017-07-25,MKS Instruments Inc,1.406000 ,1.410000 
MKTX ,2017-07-26,MarketAxess Holdings Inc,0.918000 ,1.000000 
MLM ,2017-08-01,Martin Marietta Materials Inc,2.363000 ,2.090000 
MMC ,2017-07-27,Marsh & McLennan Cos Inc,1.004000 ,1.000000 
MMM ,2017-07-25,3M Co,2.590000 ,2.580000 
MNST ,2017-08-08,Monster Beverage Corp,0.399000 ,0.390000 
MO ,2017-07-27,Altria Group Inc,0.859000 ,0.850000 
MOH ,2017-08-02,Molina Healthcare Inc,0.865000 ,-4.010000 
MORN ,2017-07-25,Morningstar Inc,,0.800000 
MOS ,2017-08-01,Mosaic Co/The,0.229000 ,0.290000 
MPC ,2017-07-27,Marathon Petroleum Corp,1.066000 ,1.020000 
MPW ,2017-08-09,Medical Properties Trust Inc,0.317000 ,0.320000 
MPWR ,2017-07-26,Monolithic Power Systems Inc,0.672000 ,0.680000 
MRK ,2017-07-28,Merck & Co Inc,0.874000 ,1.010000 
MRO ,2017-08-02,Marathon Oil Corp,-0.149000 ,-0.240000 
MS ,2017-07-19,Morgan Stanley,0.765000 ,0.870000 
MSCI ,2017-08-03,MSCI Inc,0.899000 ,0.950000 
MSI ,2017-08-03,Motorola Solutions Inc,1.037000 ,1.120000 
MSM ,2017-04-06,MSC Industrial Direct Co Inc,0.897000 ,0.940000 
MTB ,2017-07-19,M&T Bank Corp,2.271000 ,2.350000 
MTCH ,2017-08-01,Match Group Inc,0.184000 ,0.160000 
MTD ,2017-07-27,Mettler-Toledo International I,3.894000 ,3.920000 
MTN ,2017-03-10,Vail Resorts Inc,3.396000 ,3.670000 
MU ,2017-03-23,Micron Technology Inc,0.864000 ,0.900000 
MUR ,2017-08-02,Murphy Oil Corp,-0.154000 ,-0.110000 
MYL ,2017-08-09,Mylan NV,1.158000 ,1.100000 
NATI ,2017-07-27,National Instruments Corp,0.257000 ,0.270000 
NAVI ,2017-07-18,Navient Corp,0.414000 ,0.430000 
NBIX ,2017-08-03,Neurocrine Biosciences Inc,-0.662000 ,-0.680000 
NBL ,2017-08-03,Noble Energy Inc,-0.131000 ,0.050000 
NBR ,2017-08-02,Nabors Industries Ltd,-0.356000 ,-0.410000 
NCLH ,2017-08-08,Norwegian Cruise Line Holdings,0.971000 ,1.020000 
NCR ,2017-07-20,NCR Corp,0.756000 ,0.800000 
NDAQ ,2017-07-26,Nasdaq Inc,0.966000 ,1.020000 
NDSN ,2017-05-22,Nordson Corp,1.306000 ,1.350000 
NEE ,2017-07-26,NextEra Energy Inc,1.756000 ,1.860000 
NEM ,2017-07-25,Newmont Mining Corp,0.261000 ,0.460000 
NEU ,2017-08-02,NewMarket Corp,5.730000 ,5.290000 
NFG ,2017-05-04,National Fuel Gas Co,1.048000 ,1.040000 
NFLX ,2017-07-17,Netflix Inc,0.156000 ,0.150000 
NFX ,2017-08-01,Newfield Exploration Co,0.422000 ,0.430000 
NI ,2017-08-02,NiSource Inc,0.101000 ,0.100000 
NKTR ,2017-08-08,Nektar Therapeutics,-0.357000 ,-0.390000 
NLSN ,2017-07-27,Nielsen Holdings PLC,0.363000 ,0.370000 
NLY ,2017-08-02,Annaly Capital Management Inc,0.293000 ,0.300000 
NNN ,2017-08-01,National Retail Properties Inc,0.623000 ,0.640000 
NOC ,2017-07-26,Northrop Grumman Corp,2.858000 ,3.150000 
NOV ,2017-07-27,National Oilwell Varco Inc,-0.146000 ,-0.140000 
NOW ,2017-07-26,ServiceNow Inc,0.199000 ,0.220000 
NRG ,2017-08-03,NRG Energy Inc,0.047000 ,0.330000 
NRZ ,2017-07-31,New Residential Investment Cor,0.529000 ,1.030000 
NSC ,2017-07-26,Norfolk Southern Corp,1.652000 ,1.680000 
NTNX ,2017-03-02,Nutanix Inc,-0.353000 ,-0.280000 
NTRS ,2017-07-19,Northern Trust Corp,1.229000 ,1.230000 
NUAN ,2017-05-09,Nuance Communications Inc,0.381000 ,0.320000 
NUE ,2017-07-20,Nucor Corp,1.063000 ,1.010000 
NUS ,2017-08-02,Nu Skin Enterprises Inc,0.690000 ,0.770000 
NVR ,2017-07-21,NVR Inc,29.025000 ,35.190000 
NWL ,2017-08-04,Newell Brands Inc,0.867000 ,0.870000 
NXPI ,2017-08-02,NXP Semiconductors NV,1.511000 ,1.510000 
NYCB ,2017-07-26,New York Community Bancorp Inc,0.195000 ,0.220000 
O ,2017-07-26,Realty Income Corp,0.762000 ,0.750000 
OC ,2017-07-26,Owens Corning,1.076000 ,1.200000 
ODFL ,2017-07-27,Old Dominion Freight Line Inc,1.097000 ,1.190000 
OFC ,2017-07-27,Corporate Office Properties Tr,0.490000 ,0.490000 
OGE ,2017-08-03,OGE Energy Corp,0.466000 ,0.520000 
OHI ,2017-07-26,Omega Healthcare Investors Inc,0.810000 ,0.730000 
OI ,2017-07-31,Owens-Illinois Inc,0.668000 ,0.750000 
OKE ,2017-08-01,ONEOK Inc,0.430000 ,0.330000 
OLED ,2017-08-03,Universal Display Corp,0.727000 ,1.000000 
OLN ,2017-07-31,Olin Corp,0.081000 ,0.020000 
OMC ,2017-07-20,Omnicom Group Inc,1.379000 ,1.400000 
OMF ,2017-08-02,OneMain Holdings Inc,0.882000 ,0.810000 
ON ,2017-08-06,ON Semiconductor Corp,0.324000 ,0.300000 
ORI ,2017-07-27,Old Republic International Cor,0.360000 ,0.340000 
ORLY ,2017-07-26,O'Reilly Automotive Inc,2.891000 ,3.040000 
OSK ,2017-04-26,Oshkosh Corp,0.742000 ,0.760000 
OUT ,2017-08-03,Outfront Media Inc,0.540000 ,0.570000 
OXY ,2017-08-02,Occidental Petroleum Corp,0.089000 ,0.150000 
OZK ,2017-07-12,Bank OZK,0.730000 ,0.730000 
PACW ,2017-07-18,PacWest Bancorp,0.708000 ,0.780000 
PAG ,2017-07-27,Penske Automotive Group Inc,1.207000 ,1.230000 
PAH ,2017-08-09,Platform Specialty Products Co,0.187000 ,0.200000 
PAYC ,2017-08-01,Paycom Software Inc,0.202000 ,0.260000 
PB ,2017-07-26,Prosperity Bancshares Inc,0.999000 ,1.020000 
PBCT ,2017-07-20,People's United Financial Inc,0.228000 ,0.240000 
PBF ,2017-08-03,PBF Energy Inc,0.016000 ,-0.060000 
PCAR ,2017-07-25,PACCAR Inc,0.987000 ,1.060000 
PCG ,2017-07-27,PG&E Corp,0.781000 ,0.860000 
PE ,2017-08-02,Parsley Energy Inc,0.103000 ,0.050000 
PEG ,2017-07-28,Public Service Enterprise Grou,0.582000 ,0.620000 
PEGA ,2017-08-09,Pegasystems Inc,0.170000 ,0.150000 
PEN ,2017-08-08,Penumbra Inc,-0.026000 ,-0.050000 
PEP ,2017-07-11,PepsiCo Inc,1.397000 ,1.500000 
PFE ,2017-08-01,Pfizer Inc,0.657000 ,0.670000 
PFG ,2017-07-27,Principal Financial Group Inc,1.224000 ,1.310000 
PFPT ,2017-07-27,Proofpoint Inc,0.123000 ,0.170000 
PGR ,2017-07-18,Progressive Corp/The,0.592000 ,0.590000 
PGRE ,2017-08-03,Paramount Group Inc,0.206000 ,0.230000 
PHM ,2017-07-25,PulteGroup Inc,0.448000 ,0.470000 
PII ,2017-07-20,Polaris Industries Inc,1.078000 ,1.160000 
PK ,2017-08-02,Park Hotels & Resorts Inc,0.776000 ,0.810000 
PKG ,2017-07-26,Packaging Corp of America,1.473000 ,1.520000 
PKI ,2017-08-03,PerkinElmer Inc,0.669000 ,0.670000 
PLD ,2017-07-18,Prologis Inc,0.782000 ,0.840000 
PM ,2017-07-20,Philip Morris International In,1.228000 ,1.140000 
PNC ,2017-07-14,PNC Financial Services Group I,2.016000 ,2.100000 
PNFP ,2017-07-18,Pinnacle Financial Partners In,0.800000 ,0.840000 
PNR ,2017-07-25,Pentair PLC,0.997000 ,1.000000 
PNW ,2017-08-03,Pinnacle West Capital Corp,1.173000 ,1.490000 
PODD ,2017-08-03,Insulet Corp,-0.127000 ,-0.130000 
POOL ,2017-07-20,Pool Corp,2.239000 ,2.210000 
POST ,2017-05-08,Post Holdings Inc,0.579000 ,0.550000 
PPC ,2017-08-02,Pilgrim's Pride Corp,0.833000 ,0.930000 
PPG ,2017-07-20,PPG Industries Inc,1.819000 ,1.830000 
PPL ,2017-08-03,PPL Corp,0.495000 ,0.520000 
PRAH ,2017-08-07,PRA Health Sciences Inc,0.742000 ,0.790000 
PRGO ,2017-08-10,Perrigo Co PLC,0.922000 ,1.220000 
PRU ,2017-08-02,Prudential Financial Inc,2.703000 ,2.090000 
PSA ,2017-07-26,Public Storage,2.544000 ,2.510000 
PSX ,2017-08-01,Phillips 66,1.009000 ,1.090000 
PTC ,2017-04-19,PTC Inc,0.283000 ,0.300000 
PTEN ,2017-07-27,Patterson-UTI Energy Inc,-0.297000 ,-0.200000 
PWR ,2017-08-03,Quanta Services Inc,0.532000 ,0.500000 
PXD ,2017-08-01,Pioneer Natural Resources Co,0.116000 ,0.210000 
PYPL ,2017-07-26,PayPal Holdings Inc,0.427000 ,0.460000 
QCOM ,2017-04-19,QUALCOMM Inc,1.185000 ,1.340000 
QEP ,2017-07-26,QEP Resources Inc,-0.196000 ,-0.120000 
QGEN ,2017-07-27,QIAGEN NV,0.287000 ,0.250000 
QRTEA ,2017-08-08,Qurate Retail Inc,0.410000 ,0.410000 
R ,2017-07-26,Ryder System Inc,0.950000 ,1.000000 
RBC ,2017-08-07,Regal Beloit Corp,1.281000 ,1.290000 
RCL ,2017-08-01,Royal Caribbean Cruises Ltd,1.666000 ,1.710000 
RE ,2017-07-24,Everest Re Group Ltd,5.236000 ,5.510000 
REG ,2017-08-03,Regency Centers Corp,0.887000 ,0.930000 
REGN ,2017-08-03,Regeneron Pharmaceuticals Inc,3.168000 ,4.170000 
RES ,2017-07-26,RPC Inc,0.130000 ,0.190000 
RF ,2017-07-21,Regions Financial Corp,0.240000 ,0.250000 
RGA ,2017-07-27,Reinsurance Group of America I,2.478000 ,2.950000 
RHI ,2017-07-25,Robert Half International Inc,0.659000 ,0.640000 
RIG ,2017-08-02,Transocean Ltd,-0.088000 ,-0.100000 
RJF ,2017-04-26,Raymond James Financial Inc,1.136000 ,1.280000 
RLGY ,2017-08-03,Realogy Holdings Corp,0.745000 ,0.770000 
RNG ,2017-08-02,RingCentral Inc,0.030000 ,0.040000 
RNR ,2017-07-25,RenaissanceRe Holdings Ltd,2.354000 ,2.790000 
ROK ,2017-04-26,Rockwell Automation Inc,1.402000 ,1.550000 
ROL ,2017-07-26,Rollins Inc,0.245000 ,0.250000 
ROP ,2017-07-31,Roper Technologies Inc,2.218000 ,2.240000 
RP ,2017-08-02,RealPage Inc,0.222000 ,0.230000 
RPAI ,2017-08-01,Retail Properties of America I,0.256000 ,0.270000 
RRC ,2017-08-01,Range Resources Corp,0.079000 ,0.060000 
RS ,2017-07-27,Reliance Steel & Aluminum Co,1.369000 ,1.400000 
RSG ,2017-07-27,Republic Services Inc,0.598000 ,0.610000 
RTN ,2017-07-27,Raytheon Co,1.756000 ,1.890000 
RYN ,2017-08-02,Rayonier Inc,0.105000 ,0.200000 
SABR ,2017-08-01,Sabre Corp,0.351000 ,0.350000 
SAGE ,2017-08-03,Sage Therapeutics Inc,-1.637000 ,-1.880000 
SATS ,2017-08-09,EchoStar Corp,0.095000 ,0.070000 
SBAC ,2017-07-31,SBA Communications Corp,1.493000 ,1.370000 
SBNY ,2017-07-19,Signature Bank/New York NY,2.214000 ,2.210000 
SBUX ,2017-04-27,Starbucks Corp,0.448000 ,0.450000 
SC ,2017-07-28,Santander Consumer USA Holding,0.605000 ,0.740000 
SCCO ,2017-07-26,Southern Copper Corp,0.417000 ,0.390000 
SCG ,2017-08-03,SCANA Corp,0.743000 ,0.850000 
SCHW ,2017-07-18,Charles Schwab Corp/The,0.388000 ,0.390000 
SCI ,2017-07-26,Service Corp International/US,0.303000 ,0.350000 
SEB ,2017-08-02,Seaboard Corp,,49.550000 
SEE ,2017-08-08,Sealed Air Corp,0.356000 ,0.350000 
SEIC ,2017-07-26,SEI Investments Co,0.552000 ,0.570000 
SERV ,2017-07-31,ServiceMaster Global Holdings,0.683000 ,0.690000 
SFM ,2017-08-03,Sprouts Farmers Market Inc,0.250000 ,0.300000 
SGEN ,2017-07-27,Seattle Genetics Inc,-0.407000 ,-0.390000 
SHW ,2017-07-20,Sherwin-Williams Co/The,4.638000 ,4.520000 
SIRI ,2017-07-27,Sirius XM Holdings Inc,0.042000 ,0.040000 
SITC ,2017-07-26,SITE Centers Corp,0.551000 ,0.600000 
SIVB ,2017-07-27,SVB Financial Group,2.025000 ,2.180000 
SIX ,2017-07-26,Six Flags Entertainment Corp,0.716000 ,0.590000 
SKX ,2017-07-20,Skechers U.S.A. Inc,0.441000 ,0.380000 
SLB ,2017-07-21,Schlumberger Ltd,0.298000 ,0.350000 
SLG ,2017-07-19,SL Green Realty Corp,1.613000 ,1.780000 
SLGN ,2017-07-26,Silgan Holdings Inc,0.352000 ,0.350000 
SLM ,2017-07-19,SLM Corp,0.164000 ,0.160000 
SM ,2017-08-03,SM Energy Co,-0.292000 ,-0.320000 
SMG ,2017-05-02,Scotts Miracle-Gro Co/The,2.904000 ,2.780000 
SNA ,2017-07-20,Snap-on Inc,2.556000 ,2.600000 
SNDR ,2017-08-01,Schneider National Inc,0.232000 ,0.230000 
SNH ,2017-08-03,Senior Housing Properties Trus,0.447000 ,0.440000 
SNPS ,2017-05-17,Synopsys Inc,0.858000 ,0.880000 
SNV ,2017-07-18,Synovus Financial Corp,0.591000 ,0.600000 
SO ,2017-08-02,Southern Co/The,0.709000 ,0.730000 
SON ,2017-07-20,Sonoco Products Co,0.701000 ,0.710000 
SPB ,2017-05-02,Spectrum Brands Holdings Inc,,-0.970000 
SPG ,2017-08-01,Simon Property Group Inc,2.439000 ,2.470000 
SPGI ,2017-07-27,S&P Global Inc,1.576000 ,1.720000 
SPR ,2017-08-02,Spirit AeroSystems Holdings In,1.196000 ,1.570000 
SQ ,2017-08-02,Square Inc,0.050000 ,0.070000 
SRC ,2017-08-03,Spirit Realty Capital Inc,0.196000 ,0.180000 
SRCL ,2017-08-03,Stericycle Inc,1.128000 ,1.150000 
SRE ,2017-08-04,Sempra Energy,0.859000 ,1.100000 
SRPT ,2017-07-19,Sarepta Therapeutics Inc,-0.907000 ,-0.600000 
SSNC ,2017-07-27,SS&C Technologies Holdings Inc,0.462000 ,0.460000 
ST ,2017-07-25,Sensata Technologies Holding P,0.784000 ,0.810000 
STAY ,2017-08-01,Extended Stay America Inc,0.308000 ,0.310000 
STI ,2017-07-21,SunTrust Banks Inc,0.987000 ,1.030000 
STL ,2017-07-25,Sterling Bancorp/DE,0.330000 ,0.330000 
STLD ,2017-07-19,Steel Dynamics Inc,0.630000 ,0.630000 
STOR ,2017-08-03,STORE Capital Corp,0.419000 ,0.420000 
STT ,2017-07-26,State Street Corp,1.572000 ,1.670000 
STWD ,2017-08-09,Starwood Property Trust Inc,0.509000 ,0.520000 
SUI ,2017-07-26,Sun Communities Inc,0.945000 ,0.960000 
SWK ,2017-07-24,Stanley Black & Decker Inc,1.964000 ,2.010000 
SWKS ,2017-04-27,Skyworks Solutions Inc,1.401000 ,1.450000 
SYF ,2017-07-21,Synchrony Financial,0.572000 ,0.610000 
SYK ,2017-07-27,Stryker Corp,1.509000 ,1.530000 
T ,2017-07-25,AT&T Inc,0.736000 ,0.790000 
TAP ,2017-08-02,Molson Coors Brewing Co,2.117000 ,2.190000 
TCBI ,2017-07-19,Texas Capital Bancshares Inc,0.948000 ,0.970000 
TCF ,2017-07-24,TCF Financial Corp,0.299000 ,0.330000 
TCO ,2017-07-27,Taubman Centers Inc,0.831000 ,0.860000 
TDC ,2017-07-27,Teradata Corp,0.279000 ,0.220000 
TDG ,2017-05-09,TransDigm Group Inc,3.005000 ,3.020000 
TDS ,2017-08-04,Telephone & Data Systems Inc,0.220000 ,0.110000 
TDY ,2017-08-03,Teledyne Technologies Inc,1.260000 ,1.740000 
TER ,2017-07-26,Teradyne Inc,0.864000 ,0.900000 
TEX ,2017-08-01,Terex Corp,0.427000 ,0.510000 
TFSL ,2017-04-28,TFS Financial Corp,0.070000 ,0.080000 
TFX ,2017-08-03,Teleflex Inc,1.908000 ,2.040000 
THG ,2017-08-02,Hanover Insurance Group Inc/Th,1.563000 ,1.690000 
THO ,2017-03-06,Thor Industries Inc,1.216000 ,1.230000 
THS ,2017-08-03,TreeHouse Foods Inc,0.486000 ,0.510000 
TKR ,2017-07-26,Timken Co/The,0.670000 ,0.680000 
TMK ,2017-07-26,Torchmark Corp,1.168000 ,1.190000 
TMO ,2017-07-26,Thermo Fisher Scientific Inc,2.267000 ,2.300000 
TMUS ,2017-07-19,T-Mobile US Inc,0.359000 ,0.650000 
TOL ,2017-05-23,Toll Brothers Inc,0.624000 ,0.740000 
TPX ,2017-07-27,Tempur Sealy International Inc,0.407000 ,0.450000 
TRCO ,2017-08-09,Tribune Media Co,0.412000 ,0.360000 
TRGP ,2017-08-03,Targa Resources Corp,-0.151000 ,0.230000 
TRIP ,2017-08-08,TripAdvisor Inc,0.301000 ,0.380000 
TRMB ,2017-08-02,Trimble Inc,0.350000 ,0.380000 
TRN ,2017-07-25,Trinity Industries Inc,0.304000 ,0.330000 
TROW ,2017-07-25,T Rowe Price Group Inc,1.296000 ,1.340000 
TRU ,2017-07-25,TransUnion,0.432000 ,0.470000 
TRV ,2017-07-20,Travelers Cos Inc/The,2.120000 ,1.920000 
TSCO ,2017-07-26,Tractor Supply Co,1.268000 ,1.250000 
TSLA ,2017-08-02,Tesla Inc,-1.876000 ,-1.330000 
TSN ,2017-05-08,Tyson Foods Inc,1.024000 ,1.010000 
TSRO ,2017-08-08,TESARO Inc,-2.489000 ,-2.730000 
TSS ,2017-07-25,Total System Services Inc,0.802000 ,0.850000 
TTC ,2017-05-25,Toro Co/The,1.037000 ,1.080000 
TWLO ,2017-08-07,Twilio Inc,-0.108000 ,-0.050000 
TWO ,2017-08-07,Two Harbors Investment Corp,0.533000 ,0.540000 
TWOU ,2017-08-07,2U Inc,-0.117000 ,-0.110000 
TWTR ,2017-07-27,Twitter Inc,0.046000 ,0.080000 
TXN ,2017-07-25,Texas Instruments Inc,0.953000 ,1.030000 
TXT ,2017-07-19,Textron Inc,0.547000 ,0.600000 
TYL ,2017-07-26,Tyler Technologies Inc,0.936000 ,0.910000 
UAA ,2017-08-01,Under Armour Inc,-0.061000 ,-0.030000 
UAL ,2017-07-18,United Continental Holdings In,2.719000 ,2.750000 
UDR ,2017-07-26,UDR Inc,0.466000 ,0.470000 
UFS ,2017-07-28,Domtar Corp,0.545000 ,0.610000 
UGI ,2017-05-01,UGI Corp,1.248000 ,1.310000 
UHS ,2017-07-25,Universal Health Services Inc,2.063000 ,1.940000 
ULTI ,2017-08-01,Ultimate Software Group Inc/Th,0.904000 ,0.930000 
UMPQ ,2017-07-19,Umpqua Holdings Corp,0.268000 ,0.270000 
UNH ,2017-07-18,UnitedHealth Group Inc,2.379000 ,2.460000 
UNIT ,2017-08-03,Uniti Group Inc,0.510000 ,0.440000 
UNM ,2017-07-27,Unum Group,1.011000 ,1.050000 
UNP ,2017-07-20,Union Pacific Corp,1.393000 ,1.450000 
UNVR ,2017-08-04,Univar Inc,0.316000 ,0.310000 
UPS ,2017-07-27,United Parcel Service Inc,1.468000 ,1.580000 
URI ,2017-07-19,United Rentals Inc,2.319000 ,2.370000 
USB ,2017-07-19,US Bancorp,0.844000 ,0.850000 
USFD ,2017-08-09,US Foods Holding Corp,0.363000 ,0.370000 
USG ,2017-07-26,USG Corp,0.514000 ,0.440000 
USM ,2017-08-04,United States Cellular Corp,0.150000 ,0.160000 
UTHR ,2017-07-27,United Therapeutics Corp,3.689000 ,-1.250000 
UTX ,2017-07-25,United Technologies Corp,1.777000 ,1.850000 
V ,2017-04-20,Visa Inc,0.790000 ,0.860000 
VAR ,2017-04-26,Varian Medical Systems Inc,0.896000 ,0.890000 
VC ,2017-07-27,Visteon Corp,1.268000 ,1.380000 
VER ,2017-08-03,VEREIT Inc,0.177000 ,0.170000 
VFC ,2017-07-24,VF Corp,0.284000 ,0.290000 
VIAB ,2017-05-04,Viacom Inc,0.599000 ,0.790000 
VIRT ,2017-08-08,Virtu Financial Inc,0.167000 ,0.130000 
VLO ,2017-07-27,Valero Energy Corp,1.444000 ,1.230000 
VMC ,2017-08-02,Vulcan Materials Co,1.201000 ,0.900000 
VMI ,2017-07-19,Valmont Industries Inc,1.952000 ,2.010000 
VNO ,2017-07-31,Vornado Realty Trust,1.254000 ,1.350000 
VOYA ,2017-08-01,Voya Financial Inc,0.851000 ,0.670000 
VRSK ,2017-08-01,Verisk Analytics Inc,0.769000 ,0.820000 
VRSN ,2017-07-27,VeriSign Inc,0.993000 ,1.050000 
VRTX ,2017-07-26,Vertex Pharmaceuticals Inc,0.353000 ,0.390000 
VSM ,2017-05-02,Versum Materials Inc,0.430000 ,0.440000 
VST ,2017-08-04,Vistra Energy Corp,0.060000 ,0.060000 
VTR ,2017-07-28,Ventas Inc,1.054000 ,1.060000 
VVC ,2017-08-03,Vectren Corp,0.437000 ,0.450000 
VVV ,2017-04-25,Valvoline Inc,0.333000 ,0.370000 
VZ ,2017-07-27,Verizon Communications Inc,0.960000 ,0.960000 
W ,2017-08-08,Wayfair Inc,-0.462000 ,-0.260000 
WAB ,2017-07-25,Wabtec Corp,0.939000 ,0.800000 
WAL ,2017-07-20,Western Alliance Bancorp,0.726000 ,0.760000 
WAT ,2017-07-25,Waters Corp,1.709000 ,1.760000 
WBA ,2017-04-05,Walgreens Boots Alliance Inc,1.359000 ,1.360000 
WBC ,2017-07-20,WABCO Holdings Inc,1.536000 ,1.690000 
WBS ,2017-07-21,Webster Financial Corp,0.605000 ,0.640000 
WBT ,2017-08-09,Welbilt Inc,0.183000 ,0.220000 
WCC ,2017-07-27,WESCO International Inc,0.974000 ,1.010000 
WCG ,2017-08-04,WellCare Health Plans Inc,2.238000 ,2.520000 
WEC ,2017-07-26,WEC Energy Group Inc,0.584000 ,0.630000 
WELL ,2017-07-28,Welltower Inc,1.052000 ,1.060000 
WEN ,2017-08-09,Wendy's Co/The,0.131000 ,0.150000 
WEX ,2017-07-27,WEX Inc,1.245000 ,1.260000 
WFC ,2017-07-14,Wells Fargo & Co,1.009000 ,1.050000 
WFT ,2017-07-28,Weatherford International PLC,-0.284000 ,-0.280000 
WHR ,2017-07-26,Whirlpool Corp,3.536000 ,3.350000 
WLK ,2017-08-03,Westlake Chemical Corp,1.237000 ,1.210000 
WLL ,2017-07-26,Whiting Petroleum Corp,-0.777000 ,-0.720000 
WLTW ,2017-08-03,Willis Towers Watson PLC,1.499000 ,1.450000 
WM ,2017-07-26,Waste Management Inc,0.813000 ,0.820000 
WMB ,2017-08-02,Williams Cos Inc/The,0.194000 ,0.130000 
WP ,2017-08-09,Worldpay Inc,0.824000 ,0.830000 
WPC ,2017-08-04,WP Carey Inc,1.145000 ,1.120000 
WPX ,2017-08-02,WPX Energy Inc,-0.149000 ,-0.140000 
WRB ,2017-07-25,WR Berkley Corp,0.767000 ,0.680000 
WRI ,2017-07-27,Weingarten Realty Investors,0.595000 ,0.610000 
WRK ,2017-04-26,Westrock Co,0.461000 ,0.540000 
WSO ,2017-07-25,Watsco Inc,2.041000 ,2.070000 
WST ,2017-07-27,West Pharmaceutical Services I,0.648000 ,0.660000 
WTFC ,2017-07-18,Wintrust Financial Corp,0.993000 ,1.110000 
WTM ,2017-08-04,White Mountains Insurance Grou,1.120000 ,-4.660000 
WTR ,2017-08-02,Aqua America Inc,0.340000 ,0.340000 
WU ,2017-08-03,Western Union Co/The,0.417000 ,0.500000 
WY ,2017-07-28,Weyerhaeuser Co,0.273000 ,0.280000 
WYND ,2017-08-02,Wyndham Destinations Inc,1.495000 ,1.530000 
WYNN ,2017-07-25,Wynn Resorts Ltd,1.175000 ,1.180000 
X ,2017-07-25,United States Steel Corp,0.358000 ,1.070000 
XEC ,2017-08-08,Cimarex Energy Co,0.948000 ,1.060000 
XEL ,2017-07-27,Xcel Energy Inc,0.419000 ,0.450000 
XOG ,2017-08-09,Extraction Oil & Gas Inc,-0.048000 ,-0.090000 
XOM ,2017-07-28,Exxon Mobil Corp,0.843000 ,0.780000 
XPO ,2017-08-02,XPO Logistics Inc,0.604000 ,0.600000 
XRAY ,2017-08-09,DENTSPLY SIRONA Inc,0.652000 ,0.650000 
XRX ,2017-08-01,Xerox Corp,0.798000 ,0.870000 
XYL ,2017-08-01,Xylem Inc/NY,0.569000 ,0.590000 
Y ,2017-08-03,Alleghany Corp,7.950000 ,6.370000 
YUM ,2017-08-03,Yum! Brands Inc,0.619000 ,0.680000 
YUMC ,2017-07-05,Yum China Holdings Inc,0.274000 ,0.270000 
ZBH ,2017-07-27,Zimmer Biomet Holdings Inc,2.085000 ,2.080000 
ZBRA ,2017-08-08,Zebra Technologies Corp,1.480000 ,1.510000 
ZEN ,2017-08-03,Zendesk Inc,-0.055000 ,-0.050000 
ZG ,2017-08-08,Zillow Group Inc,-0.010000 ,0.040000 
ZION ,2017-07-25,Zions Bancorp NA,0.621000 ,0.730000 
ZNGA ,2017-08-02,Zynga Inc,0.018000 ,0.020000 
ZTS ,2017-08-08,Zoetis Inc,0.527000 ,0.530000 